salary,education,experience,gender,locationType,populationSize,age
8000,18,18,1,4,560,40
5200,9,15,1,4,63,31
19000,18,19,1,1,973826,41
10000,11,21,0,1,973826,39
15000,11,27,1,2,61982,45
2700,14,5,1,2,61982,26
24000,21,35,1,2,61982,58
18000,11,24,1,2,61982,42
27000,16,18,0,2,61982,39
18000,11,18,0,4,473,36
10000,21,1,1,1,837900,24
62000,21,17,0,1,524669,40
19044,16,15,1,1,524669,36
14000,21,29,1,1,524669,52
23000,21,22,1,1,524669,45
18000,21,2,0,1,508887,25
15000,21,13,1,1,508887,36
26000,11,19,1,2,52817,37
14400,21,31,1,2,52817,54
5000,14,16,1,3,9859,37
7650,14,20,1,3,9859,41
5000,14,30,0,3,9859,51
4500,14,6,0,3,9859,27
7500,14,13,0,3,9859,34
4800,18,7,1,3,9859,29
8950,21,30,1,3,9859,53
4200,14,11,1,3,9859,32
5200,14,22,1,3,9859,43
6350,14,32,1,3,9859,53
5300,18,24,1,3,9859,46
8550,14,22,1,3,9859,43
4800,14,17,0,3,9859,38
6300,14,13,1,3,9859,34
7100,14,6,0,3,9859,27
5200,14,13,1,3,9859,34
10000,14,15,0,3,9859,36
28600,14,17,0,3,9859,38
7500,16,29,0,4,6664,50
5200,14,18,0,4,6664,39
20000,14,39,0,2,210115,60
12000,14,22,0,2,210115,43
10000,18,21,1,2,210115,43
6000,21,16,1,2,210115,39
18000,21,13,1,2,210115,36
14000,18,1,1,2,210115,23
39000,18,24,1,2,42075,46
44000,11,31,0,2,42075,49
23000,11,30,1,2,42075,48
34000,19,3,0,2,42075,23
27000,9,20,0,2,42075,36
30000,14,23,0,2,42075,44
25000,21,16,1,2,42075,39
15000,13,1,1,2,42075,21
35000,21,31,1,2,42075,54
30000,18,22,1,2,42075,44
12000,19,46,0,2,42075,66
32600,21,32,1,2,42075,55
20000,14,17,1,4,883,38
50000,18,14,0,1,592034,36
50000,21,29,0,1,592034,52
15000,21,3,1,1,592034,26
25000,18,37,0,4,7613,59
18000,16,8,0,4,7613,29
25000,20,26,1,4,7613,47
11500,19,21,1,4,1266,41
7280,21,33,0,4,399,56
6600,16,16,1,4,863,37
12000,11,27,0,4,1195,45
7000,18,20,1,4,1195,42
15000,16,12,0,4,1195,33
4200,19,38,1,1,249806,58
24000,16,28,1,1,249806,49
90900,21,32,1,1,1130132,55
25000,14,21,0,4,600,42
11000,14,0,1,1,1253335,21
15000,18,20,1,1,1253335,42
50000,21,18,0,1,1253335,41
7000,21,28,0,3,10772,51
6900,11,24,1,4,28362,42
9000,14,24,0,4,28362,45
9500,18,22,0,4,28362,44
8000,14,20,1,4,28362,41
4800,11,33,1,4,28362,51
11000,16,32,0,4,2562,53
4800,18,33,1,4,2562,55
12000,16,20,1,1,326861,41
25000,16,16,0,1,326861,37
19000,21,43,1,1,326861,66
8000,21,11,1,1,501169,34
25000,14,32,0,1,501169,53
18000,14,30,0,1,501169,51
11000,21,18,1,1,501169,41
30000,18,20,0,2,111843,42
10000,18,30,1,2,16395,52
30000,11,18,0,3,17381,36
30000,18,19,0,3,17381,41
40000,21,4,0,3,5000,27
25000,18,20,0,2,120670,42
39800,18,15,0,3,12161,37
20000,18,11,1,3,12161,33
15000,9,10,1,4,60,26
25000,21,55,1,1,744995,78
10000,14,30,1,1,744995,51
23000,14,31,0,1,744995,52
17000,9,12,0,1,744995,28
15000,21,17,0,1,744995,40
20000,21,18,1,1,744995,41
8000,11,28,1,2,95854,46
11250,14,32,0,2,95854,53
26220,18,25,0,2,97384,47
18130,18,22,1,2,97384,44
18000,21,11,1,2,97384,34
20000,11,20,0,2,97384,38
4600,14,22,1,4,3589,43
25000,18,23,0,2,26830,45
30000,18,34,1,2,26830,56
29000,19,21,0,2,26830,41
12000,21,24,1,2,26830,47
15300,18,20,0,2,26830,42
4800,18,20,1,3,7387,42
6700,18,56,0,3,7387,78
10000,19,38,0,4,1477,58
7000,18,23,1,4,1234,45
8000,16,25,1,1,1143535,46
15000,11,30,0,1,1143535,48
15000,20,4,0,1,1143535,25
6000,21,1,1,1,1143535,24
30000,8,21,0,1,1143535,36
24000,16,13,0,1,1143535,34
15000,21,14,1,1,1143535,37
17000,21,24,1,2,239800,47
20000,21,23,0,2,239800,46
9000,21,1,1,2,239800,24
8300,16,19,1,2,239800,40
12000,14,24,0,2,239800,45
7000,18,15,1,2,31722,37
10000,16,19,0,2,31722,40
35000,21,31,1,2,31722,54
3600,21,31,0,2,31722,54
15000,21,4,0,2,31722,27
15000,11,33,0,2,31722,51
5000,14,28,1,2,31722,49
5500,11,27,1,2,31722,45
30000,14,18,1,4,11761,39
5200,11,30,0,4,3835,48
24900,21,28,1,4,3835,51
11000,18,2,0,4,3835,24
7000,18,21,1,4,1045,43
13000,18,18,1,4,608,40
4500,16,43,0,1,973826,64
9000,21,30,1,1,973826,53
21000,17,6,0,1,973826,28
5500,18,14,1,1,973826,36
30000,18,25,0,1,973826,47
25000,21,22,1,1,973826,45
15000,21,0,1,1,973826,23
14000,14,29,1,1,973826,50
13000,14,18,1,1,973826,39
7400,18,14,1,2,61982,36
20000,21,35,1,1,837900,58
16000,21,12,1,1,837900,35
13400,21,53,0,1,524669,76
30000,21,22,1,1,524669,45
25000,18,0,0,1,524669,22
18000,21,21,0,1,524669,44
27000,21,10,1,1,524669,33
25000,18,32,1,1,508887,54
12000,21,12,1,1,508887,35
30000,19,38,0,2,52817,58
7200,18,43,1,4,282,65
5300,14,26,0,3,9859,47
12300,14,19,1,3,9859,40
8500,18,10,1,4,8007,32
19700,21,12,1,4,8007,35
24000,18,25,0,2,210115,47
70000,21,17,0,2,42075,40
30000,21,17,1,2,42075,40
8000,14,28,0,2,42075,49
20000,18,24,1,2,42075,46
25000,16,29,0,2,42075,50
30000,16,28,0,4,883,49
12000,9,17,1,4,7613,33
15000,11,24,1,4,7613,42
11000,5,10,0,4,7613,22
14500,18,31,1,4,2305,53
25000,11,5,0,4,346,23
1200,14,23,1,4,346,44
3500,18,19,1,4,863,41
9000,18,25,0,2,66508,47
21000,21,4,0,1,249806,27
10000,18,32,1,4,3046,54
4000,14,39,0,4,700,60
32000,21,8,1,1,1253335,31
15000,14,13,1,1,1253335,34
50000,21,11,0,1,1253335,34
25000,21,22,0,3,10772,45
8000,18,12,1,4,590,34
10000,18,9,1,4,28362,31
8000,18,41,1,4,28362,63
10000,8,21,1,4,28362,36
10000,11,2,0,4,28362,20
6000,14,8,1,4,28362,29
10000,18,23,1,4,1201,45
40000,21,37,0,1,326861,60
10000,9,19,1,1,501169,35
9000,11,35,1,1,501169,53
10000,16,36,0,1,501169,57
30000,7,57,0,3,17381,71
30000,21,24,1,2,187961,47
10000,18,35,1,2,64665,57
14000,21,35,1,4,2000,58
5000,21,24,0,2,95854,47
12000,21,15,1,2,95854,38
5000,14,16,0,2,95854,37
17000,16,30,0,2,95854,51
15000,21,15,1,2,95854,38
9500,14,4,0,2,95854,25
20065,18,15,1,2,97384,37
28205,21,14,0,2,97384,37
39000,21,19,0,4,3589,42
20000,11,24,0,2,26830,42
8000,18,19,0,2,26830,41
1200,18,22,1,2,26830,44
7000,18,22,1,2,26830,44
1450,21,39,1,2,26830,62
7000,18,32,1,3,7387,54
5000,18,24,1,4,957,46
4600,14,30,0,4,957,51
15500,11,19,1,1,1143535,37
5100,11,24,1,1,333606,42
12000,18,32,0,2,239800,54
20000,21,21,1,2,239800,44
18000,18,28,0,2,239800,50
6300,18,18,1,2,239800,40
20000,16,11,0,4,299,32
30000,18,20,0,2,72153,42
12000,9,3,0,2,72153,19
23000,11,22,1,1,973826,40
25000,11,24,0,1,973826,42
8000,18,20,1,2,61982,42
8000,9,20,1,4,473,36
30000,20,16,0,1,837900,37
53000,9,17,0,1,524669,33
25000,21,6,1,1,524669,29
13000,14,36,0,1,508887,57
23000,8,23,0,2,52817,38
6000,6,51,1,4,282,64
2600,9,20,1,4,282,36
15000,14,30,0,4,282,51
5350,18,14,1,2,210115,36
110000,18,20,1,2,42075,42
80000,8,34,0,2,42075,49
60000,18,0,0,2,42075,22
13000,15,25,1,4,240,46
30000,18,0,1,4,240,22
20000,14,30,0,4,883,51
20000,21,15,0,1,592034,38
10000,18,14,1,1,592034,36
30000,21,23,0,4,7613,46
15000,21,22,1,4,7613,45
20000,7,25,0,4,7613,39
9000,18,22,1,3,6067,44
4000,18,41,1,1,249806,63
12000,21,32,1,1,249806,55
5400,21,15,1,1,1253335,38
65000,21,16,0,1,1253335,39
5000,18,26,1,3,10772,48
10000,14,19,0,4,87,40
8000,8,40,0,4,3,55
15000,8,19,0,4,28362,34
15000,16,19,0,4,5941,40
9000,21,8,1,4,1201,31
7000,8,34,1,1,501169,49
23000,11,7,0,1,501169,25
3000,11,5,0,1,501169,23
15000,14,22,1,1,501169,43
17000,11,26,0,1,501169,44
21000,20,3,0,1,501169,24
18000,11,15,1,1,501169,33
16000,21,6,1,2,111843,29
45000,17,16,1,3,10728,38
35000,18,44,1,1,11503501,66
50000,23,23,0,1,11503501,49
40000,23,20,1,1,11503501,46
40000,21,23,1,1,11503501,46
20000,14,16,0,1,11503501,37
10000,21,42,1,1,11503501,65
28000,21,8,1,1,11503501,31
45000,20,21,1,1,11503501,42
30000,14,2,1,1,11503501,23
45000,11,32,0,1,11503501,50
15800,16,21,1,1,11503501,42
35000,21,16,1,1,11503501,39
50000,21,16,1,1,11503501,39
26000,11,15,1,1,11503501,33
13500,21,29,1,1,11503501,52
20500,21,2,1,1,11503501,25
20800,18,29,1,1,11503501,51
20000,18,30,0,1,11503501,52
23000,18,3,0,1,11503501,25
24000,21,25,1,1,11503501,48
25247,18,34,0,1,11503501,56
20000,18,32,1,1,11503501,54
32000,21,27,1,1,11503501,50
15000,18,1,1,1,11503501,23
53000,21,46,1,1,11503501,69
50000,21,4,0,1,11503501,27
9000,18,50,1,1,11503501,72
15000,21,10,1,1,11503501,33
20000,21,26,0,1,11503501,49
17000,19,40,0,1,11503501,60
20000,21,11,1,1,11503501,34
22000,16,33,0,1,11503501,54
29000,21,4,0,1,11503501,27
20000,21,27,1,1,11503501,50
19000,18,35,1,1,11503501,57
10500,11,36,0,1,11503501,54
10000,18,13,0,1,11503501,35
4700,9,11,1,1,11503501,27
24000,16,29,0,1,11503501,50
38000,14,36,0,1,11503501,57
14000,16,33,1,1,11503501,54
31000,9,10,0,1,11503501,26
31000,19,28,1,1,11503501,48
45000,21,4,1,1,11503501,27
100000,21,26,1,1,11503501,49
15000,23,50,1,1,11503501,76
25000,18,23,1,1,11503501,45
40000,23,40,0,1,11503501,66
35000,21,8,1,1,11503501,31
35000,21,33,1,1,11503501,56
50000,14,6,1,1,11503501,27
35000,14,4,0,1,11503501,25
50000,21,7,1,1,11503501,30
20000,16,34,0,1,11503501,55
20000,16,20,0,1,11503501,41
28000,21,14,1,1,11503501,37
60000,21,22,1,1,11503501,45
40000,18,23,0,1,11503501,45
25000,14,39,0,1,11503501,60
20000,21,44,0,1,11503501,67
25000,21,20,1,1,11503501,43
30000,12,0,1,1,11503501,19
80000,18,18,1,1,11503501,40
28000,18,18,0,1,11503501,40
22000,18,31,1,1,11503501,53
50000,21,16,1,1,11503501,39
10000,18,40,1,1,4879566,62
24000,22,6,1,1,4879566,32
20000,21,11,0,1,4879566,34
24000,20,17,1,1,4879566,38
8000,21,22,1,1,4879566,45
15000,16,0,0,1,4879566,21
9000,18,28,1,1,4879566,50
38000,21,27,0,1,4879566,50
24000,11,46,1,1,4879566,64
10000,21,43,0,1,4879566,66
23000,21,37,1,1,4879566,60
26000,18,5,0,1,4879566,27
35000,21,6,1,1,4879566,29
50,21,8,1,1,4879566,31
40000,20,20,0,1,4879566,41
18000,21,43,1,1,4879566,66
25000,21,28,0,1,4879566,51
27000,18,31,1,1,4879566,53
30000,11,33,0,1,4879566,51
6700,21,23,1,1,4879566,46
30000,16,35,0,1,4879566,56
18000,16,37,1,1,4879566,58
30000,21,10,1,1,4879566,33
35000,21,4,0,1,4879566,27
35000,21,0,1,1,4879566,23
38000,21,12,0,1,4879566,35
35000,21,9,0,1,4879566,32
12000,21,27,0,1,744995,50
16500,18,26,1,2,95854,48
10000,18,1,0,2,95854,23
5000,14,27,1,2,95854,48
6000,11,9,1,2,97384,27
13000,16,33,0,2,97384,54
13000,14,11,0,4,3589,32
15000,14,22,0,4,154,43
7000,18,12,1,4,154,34
10800,21,19,0,2,26830,42
10020,21,17,1,2,26830,40
4000,21,9,1,2,26830,32
30000,9,19,0,2,26830,35
12500,18,21,1,4,20,43
5700,21,19,1,3,7387,42
8000,18,0,0,3,7387,22
17000,14,20,0,4,1234,41
7500,9,18,1,4,409,34
9000,21,19,1,1,1143535,42
14000,11,4,0,2,31722,22
20000,14,5,0,4,299,26
5000,18,29,1,2,72153,51
15000,11,9,1,2,72153,27
20000,18,0,0,2,72153,22
15000,21,3,1,2,72153,26
12000,14,23,0,4,3835,44
6000,16,27,1,4,1245,48
5000,16,3,0,4,1245,24
35000,8,40,0,1,973826,55
10000,18,20,1,2,61982,42
15000,18,20,0,2,61982,42
20000,16,11,0,2,61982,32
12000,11,18,0,4,473,36
8000,11,16,1,4,473,34
17500,21,22,1,1,837900,45
20000,21,27,0,1,837900,50
11000,11,22,1,1,837900,40
20000,16,23,0,1,508887,44
19000,18,20,1,1,508887,42
11500,11,24,1,2,52817,42
33000,11,29,0,2,52817,47
7000,11,36,0,2,52817,54
12000,18,7,0,2,210115,29
8000,11,18,1,2,210115,36
20000,11,23,0,2,210115,41
29000,11,43,0,2,42075,61
11000,21,45,0,4,7613,68
18000,21,19,1,4,7613,42
9500,8,34,1,4,863,49
1500,12,32,0,4,863,51
8000,22,17,1,1,249806,43
8000,18,4,1,1,249806,26
25000,21,29,0,1,1130132,52
3357,8,25,1,4,700,40
8000,16,14,1,1,1253335,35
25000,18,12,0,1,1253335,34
30000,21,16,0,1,1253335,39
5500,11,24,1,4,1320,42
5000,9,11,1,4,590,27
4000,3,21,0,4,590,31
20000,21,30,1,4,28362,53
21000,21,29,0,4,28362,52
8600,14,34,1,1,501169,55
30000,18,4,1,1,501169,26
34000,18,29,1,3,17381,51
30000,21,6,1,3,17381,29
50000,21,13,0,1,11503501,36
17000,18,32,1,1,11503501,54
50000,21,15,1,1,11503501,38
33000,16,36,0,1,11503501,57
30000,11,21,0,1,11503501,39
25000,14,30,1,1,11503501,51
35000,11,23,1,1,11503501,41
15000,11,29,0,1,11503501,47
20000,21,29,1,1,11503501,52
25000,21,7,1,1,11503501,30
40000,18,0,0,1,11503501,22
28000,18,29,0,1,11503501,51
20000,18,2,1,1,11503501,24
30000,21,33,1,1,11503501,56
45000,18,34,0,1,11503501,56
30000,16,30,1,1,11503501,51
45000,21,4,0,1,11503501,27
50000,18,39,0,1,11503501,61
7000,21,1,1,1,11503501,24
30000,18,23,1,1,11503501,45
11000,21,33,0,1,11503501,56
30000,14,13,1,1,11503501,34
30000,15,15,0,1,11503501,36
20000,10,23,0,1,11503501,40
40000,18,34,1,1,4879566,56
19000,21,5,1,1,4879566,28
40000,19,42,0,1,4879566,62
30000,21,37,1,1,4879566,60
30000,21,39,0,1,4879566,62
40000,21,8,0,1,4879566,31
4300,21,55,0,1,4879566,78
30000,9,17,1,1,4879566,33
10000,21,37,1,1,4879566,60
45000,19,16,0,1,744995,36
10000,18,16,1,2,97384,38
8500,21,17,1,4,335,40
2700,18,37,1,4,7,59
7000,18,11,1,2,26830,33
8300,11,17,0,2,26830,35
3300,18,12,1,2,26830,34
23000,11,20,0,2,26830,38
10000,14,19,0,2,26830,40
4700,8,21,1,2,26830,36
4000,18,19,1,4,957,41
22000,16,23,0,4,957,44
13300,14,8,1,1,333606,29
32000,21,17,0,2,239800,40
8000,21,10,1,2,239800,33
17000,18,12,0,2,239800,34
10000,21,60,0,1,973826,83
24000,21,40,0,1,973826,63
19000,14,25,1,2,61982,46
20000,11,8,0,2,61982,26
16000,16,5,0,2,61982,26
10000,9,5,0,2,61982,21
15000,21,10,1,1,524669,33
12000,14,29,1,1,508887,50
20000,18,0,0,1,508887,22
5000,16,41,1,1,508887,62
8000,21,23,1,1,508887,46
53000,21,27,0,1,508887,50
11000,14,1,1,1,508887,22
15000,18,34,1,2,52817,56
6700,18,16,1,4,1130,38
8300,14,9,0,3,9859,30
4000,14,11,0,3,9859,32
12000,21,9,1,2,210115,32
50000,14,19,0,2,42075,40
55000,21,14,1,2,42075,37
14000,14,2,0,1,592034,23
8000,18,17,1,2,66508,39
40000,21,4,0,1,249806,27
16000,11,18,1,1,1130132,36
12000,18,13,0,1,1130132,35
8000,18,14,1,3,10772,36
10000,21,17,0,3,10772,40
8000,18,2,1,4,28362,24
9100,11,20,0,4,28362,38
13000,9,12,0,4,360,28
15000,11,12,1,1,501169,30
28000,16,0,0,2,111843,21
10000,18,38,1,4,2000,60
11000,21,35,1,3,5000,58
20000,21,22,1,2,104736,45
7800,16,36,1,2,97296,57
10000,18,36,1,2,97296,58
4500,8,26,1,2,97296,41
25000,18,33,1,2,97296,55
10000,14,33,0,2,97296,54
18000,21,8,1,2,97296,31
6500,18,24,1,2,97296,46
8000,21,29,1,2,97296,52
26000,18,4,0,2,97296,26
15000,11,22,1,2,97296,40
9000,14,44,1,2,97296,65
11000,8,42,0,2,97296,57
43000,14,35,0,2,97296,56
10000,11,34,1,2,97296,52
3000,9,5,1,2,97296,21
20000,21,32,1,2,97296,55
20000,18,1,0,2,97296,23
16000,18,26,1,2,97296,48
15000,16,23,0,2,97296,44
15000,18,19,1,2,97296,41
15000,21,12,1,2,97296,35
25000,21,18,0,2,97296,41
30000,16,26,1,2,97296,47
18000,21,11,1,2,97296,34
20000,21,23,1,2,97296,46
50000,18,33,0,2,97296,55
20000,14,5,0,2,97296,26
10000,18,39,1,3,3500,61
39500,21,11,0,3,3500,34
6000,21,49,1,3,3500,72
13000,21,25,1,3,3500,48
12000,16,24,1,3,3500,45
14000,16,17,1,3,3500,38
13000,21,30,1,3,4790,53
15000,21,8,1,3,4790,31
14000,21,23,1,3,4790,46
23000,11,6,0,3,4790,24
10000,18,45,0,3,4790,67
10000,21,44,1,3,4790,67
40000,16,3,0,1,11503501,24
22000,11,26,1,1,11503501,44
28000,14,1,0,1,11503501,22
32000,16,32,0,1,11503501,53
17000,14,3,0,1,11503501,24
17000,16,30,1,1,11503501,51
18000,11,6,1,1,11503501,24
30000,18,33,1,1,11503501,55
20000,18,12,0,1,11503501,34
60000,21,21,1,1,11503501,44
36000,18,39,1,1,11503501,61
32500,19,15,0,1,11503501,35
8000,16,39,1,1,4879566,60
60000,14,20,0,1,4879566,41
30400,14,40,1,1,4879566,61
25000,18,35,1,4,60,57
15000,18,37,0,4,60,59
40000,18,12,0,4,60,34
12500,14,33,1,1,744995,54
18000,11,12,1,1,744995,30
8000,14,2,1,1,744995,23
12500,14,22,1,2,95854,43
8000,17,7,1,2,97384,29
20000,11,16,0,2,97384,34
6000,16,22,1,4,1753,43
21000,8,23,0,2,26830,38
10300,18,17,1,2,26830,39
14000,17,37,0,2,26830,59
6000,16,33,1,2,26830,54
8800,21,14,1,1,1143535,37
12000,21,31,0,1,1143535,54
25000,21,11,0,1,1143535,34
12000,11,14,0,2,239800,32
12000,11,10,1,2,239800,28
24000,16,23,0,2,239800,44
6000,14,22,1,2,239800,43
13000,11,20,1,2,31722,38
30000,18,27,1,2,31722,49
30000,18,31,0,2,31722,53
5300,18,34,0,4,1245,56
40000,21,28,0,1,973826,51
20000,11,22,0,2,61982,40
27000,18,8,0,2,61982,30
12000,18,25,1,2,61982,47
8000,21,8,1,2,61982,31
5266,21,7,1,2,61982,30
25000,18,18,0,2,61982,40
14600,21,15,1,1,837900,38
40000,14,1,0,1,837900,22
42000,16,10,0,1,524669,31
18000,16,0,0,1,508887,21
5800,14,25,1,2,52817,46
6000,18,34,1,2,210115,56
35000,21,12,1,2,42075,35
15000,21,43,0,4,7613,66
15000,18,10,0,4,420,32
6000,18,9,1,4,420,31
30000,16,13,0,1,249806,34
20000,21,28,1,1,249806,51
40000,11,37,0,1,249806,55
28000,18,21,0,1,1130132,43
30000,21,7,1,1,1130132,30
20000,18,23,0,1,1130132,45
12000,14,0,1,1,1130132,21
20000,21,32,0,4,9755,55
15000,18,29,1,4,9755,51
15000,16,31,0,4,9755,52
4700,11,32,0,4,590,50
12000,21,6,1,4,28362,29
8000,18,19,1,4,28362,41
10000,18,0,0,4,28362,22
7000,18,7,1,4,28362,29
37000,21,6,1,4,28362,29
15000,19,20,0,1,501169,40
15000,16,33,0,1,501169,54
10000,21,0,1,2,111843,23
15000,16,20,1,2,111843,41
17000,18,15,1,2,111843,37
25000,10,20,0,2,111843,37
24700,21,18,1,2,16395,41
9000,18,34,1,3,17381,56
18000,16,32,0,3,17381,53
12000,16,6,1,3,17381,27
40000,21,14,1,4,2000,37
40000,18,14,0,4,2000,36
15000,18,34,1,2,97296,56
20000,18,16,0,2,97296,38
12000,16,17,1,2,97296,38
5000,20,31,1,3,3500,52
18200,21,30,0,3,3500,53
10000,21,20,1,3,4790,43
10000,16,30,1,3,4790,51
15000,16,28,0,3,4790,49
30000,21,37,1,3,4790,60
9200,11,13,1,1,11503501,31
25000,21,10,1,1,11503501,33
140000,20,18,0,1,11503501,39
60000,14,21,0,1,11503501,42
23000,14,21,1,1,11503501,42
25000,8,31,0,1,11503501,46
38000,21,29,0,1,11503501,52
80000,21,31,0,1,11503501,54
40000,14,3,0,1,11503501,24
40000,21,26,1,1,11503501,49
12000,21,23,0,1,11503501,46
60000,21,17,1,1,11503501,40
28000,23,21,1,1,11503501,47
30000,21,24,0,1,11503501,47
26000,21,15,1,1,4879566,38
8400,18,36,1,1,4879566,58
23000,11,13,1,1,4879566,31
22000,23,22,1,1,4879566,48
15000,21,3,1,1,4879566,26
40000,21,4,1,1,4879566,27
15000,21,34,1,1,4879566,57
15000,14,1,0,1,4879566,22
25000,18,14,0,1,4879566,36
9000,14,36,0,1,4879566,57
18000,18,26,1,3,12161,48
12330,18,19,0,2,97384,41
4000,14,29,1,2,97384,50
6000,18,25,1,4,154,47
12000,18,22,1,4,256,44
6800,14,21,1,4,957,42
8900,14,29,0,4,957,50
10600,18,14,1,2,239800,36
16000,16,16,0,4,94,37
7000,10,40,0,4,94,57
30000,14,9,1,4,5859,30
4000,8,42,0,4,3835,57
9300,21,13,0,4,3835,36
4200,20,7,1,4,3835,28
16000,21,18,1,4,3835,41
5000,18,30,1,4,1245,52
27000,9,16,0,4,560,32
1500,21,9,1,4,560,32
10500,21,4,1,1,973826,27
50000,21,11,0,1,973826,34
24000,21,9,1,1,973826,32
4700,14,42,1,1,973826,63
5800,14,49,0,1,973826,70
12000,14,26,0,2,61982,47
2500,10,24,0,1,524669,41
27000,11,29,0,1,524669,47
16000,18,27,1,1,524669,49
13000,21,39,0,1,508887,62
8800,11,23,0,2,52817,41
15400,9,10,1,4,1130,26
14200,14,20,1,3,9859,41
22000,21,27,1,2,210115,50
10000,18,19,0,2,210115,41
45000,21,15,1,2,210115,38
11000,14,18,1,4,883,39
16000,18,25,1,4,1100,47
5800,11,27,1,4,399,45
6000,11,6,0,4,399,24
17600,18,17,1,1,249806,39
9000,7,58,1,1,249806,72
16000,11,3,0,1,1130132,21
25000,21,13,1,1,1130132,36
7500,21,4,1,4,1450,27
17000,18,11,0,4,1450,33
2800,16,24,1,4,600,45
20000,14,3,0,4,600,24
15000,11,14,0,1,1253335,32
55000,21,7,0,4,28362,30
24000,14,5,1,4,5941,26
11000,21,20,0,1,501169,43
10000,7,52,1,2,16395,66
25000,21,19,1,3,17381,42
20000,18,30,1,4,2000,52
30000,21,1,1,4,2000,24
40000,21,3,1,4,2000,26
22000,11,36,0,4,2000,54
10000,14,33,1,4,2000,54
27700,21,9,1,2,183402,32
35000,21,13,1,2,97296,36
22000,16,19,1,3,3500,40
41000,16,23,0,3,3500,44
60000,18,32,0,3,3500,54
14200,20,29,1,3,3500,50
20000,21,0,0,3,4790,23
15000,9,27,0,3,4790,43
50000,21,31,1,1,11503501,54
46000,14,30,0,1,11503501,51
40000,21,1,0,1,11503501,24
20000,16,19,1,1,11503501,40
32000,23,13,1,1,4879566,39
22000,18,23,1,3,12161,45
12000,14,14,1,3,12161,35
12000,18,30,1,3,12161,52
20000,21,2,1,3,12161,25
3000,18,19,1,3,12161,41
19000,21,23,1,3,12161,46
25000,16,29,0,4,3702,50
20000,21,35,1,4,2422,58
60000,16,33,0,4,2422,54
14000,18,29,1,4,2422,51
6000,18,39,1,4,2422,61
29000,11,25,0,4,2422,43
15000,16,11,0,4,1420,32
20000,11,13,0,4,1420,31
11000,14,5,1,4,1420,26
7000,16,23,1,4,1420,44
18000,18,16,1,4,1420,38
15000,11,13,1,4,1420,31
11200,11,51,1,4,60,69
24000,14,33,0,4,60,54
15000,18,27,1,4,60,49
25000,9,6,0,4,60,22
9000,14,39,0,4,60,60
20000,21,23,1,4,60,46
40000,18,2,0,4,60,24
35000,21,9,1,1,744995,32
15000,14,33,0,1,744995,54
10000,18,33,1,1,744995,55
29000,21,2,1,1,744995,25
40000,21,34,1,1,744995,57
5000,14,39,0,1,744995,60
10000,14,8,1,1,744995,29
7000,18,12,0,1,744995,34
20000,21,20,1,1,744995,43
12000,21,0,1,1,744995,23
8500,14,40,0,1,744995,61
13000,16,11,1,1,744995,32
16000,21,28,1,1,744995,51
30000,21,8,0,1,744995,31
12600,14,7,1,1,744995,28
20800,14,36,1,1,744995,57
8000,16,44,0,1,744995,65
15000,14,14,0,2,95854,35
25000,16,20,0,2,95854,41
23000,21,16,1,2,95854,39
15000,16,30,0,2,95854,51
4000,14,44,1,2,95854,65
20000,18,44,0,2,97384,66
20000,11,25,0,2,97384,43
9000,18,36,1,2,97384,58
6000,10,15,1,2,97384,32
7000,8,36,1,2,97384,51
5000,14,22,1,2,97384,43
4000,18,48,1,2,97384,70
5400,11,37,0,4,3589,55
15000,11,6,0,4,3589,24
6500,21,18,1,4,3589,41
8300,18,34,1,4,3589,56
5600,11,35,0,4,3589,53
7200,18,19,1,4,3589,41
2000,14,45,1,4,3589,66
3500,18,18,1,4,3589,40
5300,18,27,1,4,3589,49
15000,21,14,1,4,3589,37
7000,18,18,0,4,3589,40
6300,14,18,1,4,3589,39
11800,11,22,0,4,3589,40
12000,16,29,0,4,3589,50
12000,10,7,0,4,3589,24
8000,18,15,1,4,3589,37
4500,14,35,1,4,3589,56
13000,21,47,1,4,3589,70
8000,18,17,1,4,3589,39
5000,14,37,1,4,3589,58
9000,11,16,1,4,3589,34
22000,9,36,0,4,154,52
28000,11,25,0,4,154,43
12000,11,3,0,4,154,21
5000,11,16,0,4,154,34
28000,18,22,0,4,256,44
8000,18,31,1,2,26830,53
30000,11,10,0,2,26830,28
10000,16,21,1,2,26830,42
30000,18,23,0,2,26830,45
12000,21,6,1,2,26830,29
4700,21,8,0,2,26830,31
6000,16,25,1,2,26830,46
6400,21,10,1,2,26830,33
15000,18,12,0,2,26830,34
9000,21,30,1,2,26830,53
10000,21,33,0,2,26830,56
5300,16,38,1,2,26830,59
6000,11,31,1,4,600,49
8000,18,30,1,4,600,52
10000,11,33,0,4,600,51
22000,18,28,0,4,600,50
10000,14,29,0,4,600,50
25000,18,6,1,4,600,28
25000,18,4,0,4,600,26
7500,21,33,1,4,600,56
6200,14,36,0,4,600,57
20000,8,27,0,3,7387,42
6000,21,18,1,3,7387,41
15000,18,31,1,3,7387,53
4600,14,32,1,3,7387,53
30000,21,7,0,1,1143535,30
17000,18,33,1,1,1143535,55
10000,21,4,1,1,1143535,27
20000,14,16,0,1,1143535,37
20000,21,31,0,1,1143535,54
16000,21,33,1,1,1143535,56
9000,21,2,1,1,1143535,25
12000,20,21,0,1,1143535,42
12000,21,23,1,1,1143535,46
15000,16,29,1,1,1143535,50
23000,21,4,0,1,1143535,27
12000,21,5,1,1,1143535,28
20000,18,27,0,1,1143535,49
4000,21,6,1,1,1143535,29
5000,21,40,1,1,1143535,63
18000,21,25,0,1,1143535,48
40000,21,15,1,1,1143535,38
5700,14,42,1,1,1143535,63
15000,18,16,0,1,1143535,38
7000,16,15,1,1,1143535,36
9900,16,13,1,1,1143535,34
25000,21,41,0,1,1143535,64
4500,21,5,1,1,1143535,28
20000,19,11,0,1,1143535,31
10000,16,23,0,1,1143535,44
11000,16,23,1,1,1143535,44
10500,14,30,1,1,1143535,51
20000,16,33,0,1,1143535,54
4000,23,35,1,1,1143535,61
14000,21,29,1,1,333606,52
12000,21,7,1,1,333606,30
22000,21,25,0,1,333606,48
9000,16,23,1,1,333606,44
3000,21,40,1,1,333606,63
15000,21,22,1,1,333606,45
15000,14,21,0,1,333606,42
11500,14,16,1,1,333606,37
5600,11,23,1,2,239800,41
8500,18,15,1,2,239800,37
15000,21,12,0,2,239800,35
6800,11,14,1,2,239800,32
10000,11,20,0,2,239800,38
40000,11,10,0,2,239800,28
10000,23,47,1,2,239800,73
20000,18,16,0,2,239800,38
10000,21,13,1,2,239800,36
6000,14,31,1,2,239800,52
14000,14,6,0,2,239800,27
27000,11,16,0,2,31722,34
4600,16,10,1,2,31722,31
23000,16,10,0,2,31722,31
12000,18,31,1,2,31722,53
9500,18,22,1,2,31722,44
11000,14,26,0,2,31722,47
15000,21,28,1,2,31722,51
45000,21,11,0,2,31722,34
11000,21,12,1,2,31722,35
10000,18,34,1,2,31722,56
6000,14,34,0,2,31722,55
12000,18,7,0,2,31722,29
8000,14,42,1,2,31722,63
30000,16,1,0,4,299,22
5000,21,33,1,4,299,56
14500,14,14,0,4,299,35
9160,21,33,0,4,299,56
15000,21,16,1,2,72153,39
10000,12,1,1,2,72153,20
17000,18,26,1,2,72153,48
10000,19,22,1,2,72153,42
10000,14,25,0,2,72153,46
10000,19,2,0,2,72153,22
15000,21,25,1,2,72153,48
4000,18,42,0,2,72153,64
5000,8,10,1,2,72153,25
6000,18,24,1,2,72153,46
12000,18,2,0,2,72153,24
8000,18,27,0,2,72153,49
15000,19,26,1,2,72153,46
4600,11,20,1,2,72153,38
13000,11,27,0,4,11761,45
7000,8,24,1,4,11761,39
2050,18,22,0,4,11761,44
17000,18,20,1,4,11761,42
15000,21,13,1,4,11761,36
3900,16,32,1,4,11761,53
5000,14,25,1,4,11761,46
50,15,3,1,4,11761,24
30000,18,1,0,4,11761,23
15000,18,31,1,4,11761,53
14000,14,36,0,4,11761,57
13500,21,16,1,4,11761,39
7000,14,25,0,4,11761,46
8000,16,24,1,4,1300,45
12500,11,15,0,4,3835,33
15000,18,27,0,4,926,49
1500,14,10,1,4,608,31
72000,14,7,0,4,560,28
5000,14,5,1,4,560,26
13000,14,21,0,4,560,42
18400,14,16,1,4,560,37
24000,14,23,0,4,560,44
8000,11,27,1,4,560,45
10000,14,19,0,4,560,40
5000,14,18,0,4,560,39
8600,18,41,1,1,973826,63
4700,16,45,0,1,973826,66
24000,18,14,1,1,973826,36
26000,21,36,1,1,973826,59
4000,11,44,0,1,973826,62
18000,23,40,0,1,973826,66
15000,19,16,0,2,61982,36
20000,18,30,0,2,61982,52
30000,21,28,1,2,61982,51
9500,18,46,0,2,61982,68
12000,16,39,1,2,61982,60
11000,8,16,0,2,61982,31
10000,8,14,0,2,61982,29
12000,21,23,1,2,61982,46
10000,16,34,1,2,61982,55
10000,14,38,0,2,61982,59
30000,14,15,0,2,61982,36
20000,18,23,0,2,61982,45
15000,21,14,1,2,61982,37
4500,18,32,1,2,61982,54
9000,18,23,1,2,61982,45
9000,18,25,1,4,473,47
9500,11,25,0,4,473,43
26000,14,9,1,4,473,30
25000,11,18,0,4,473,36
9000,11,10,1,4,473,28
15000,14,33,1,4,473,54
6600,10,14,1,4,473,31
30000,18,22,0,1,837900,44
28000,21,30,1,1,837900,53
28000,18,32,0,1,837900,54
15000,21,2,1,1,837900,25
25000,21,5,1,1,524669,28
8500,16,26,1,1,524669,47
16500,11,33,0,1,524669,51
7000,19,31,1,1,524669,51
3700,21,0,1,1,524669,23
54000,21,26,1,1,524669,49
14000,21,4,1,1,524669,27
30000,21,6,1,1,524669,29
8500,18,42,1,2,61982,64
8000,18,13,1,2,61982,35
70000,21,21,0,2,61982,44
30000,18,22,1,2,61982,44
34000,11,20,0,2,61982,38
6000,11,18,1,2,61982,36
1300,18,50,1,2,61982,72
35000,16,25,0,2,61982,46
7500,18,23,1,2,61982,45
25000,11,22,0,2,61982,40
7000,18,35,1,2,61982,57
10000,21,12,1,2,61982,35
8000,14,32,1,2,61982,53
9700,21,26,1,2,61982,49
16000,13,28,0,2,61982,48
6000,18,29,1,2,61982,51
10000,11,34,0,2,61982,52
23000,18,36,0,2,61982,58
9000,18,31,1,2,61982,53
13000,16,35,0,2,61982,56
15000,14,36,0,2,61982,57
7600,9,42,1,2,61982,58
15000,21,14,1,2,61982,37
15000,11,19,0,2,61982,37
7500,8,51,1,2,61982,66
18000,11,24,1,2,61982,42
24000,21,16,0,2,61982,39
5000,18,21,1,2,61982,43
19000,14,29,1,2,61982,50
25000,21,12,1,2,61982,35
20000,9,17,0,2,61982,33
12000,11,17,1,2,61982,35
20000,18,4,0,2,61982,26
15000,18,30,1,2,61982,52
10000,18,2,1,2,61982,24
20000,18,21,1,2,61982,43
10000,16,19,1,2,61982,40
35000,18,18,0,2,61982,40
5000,16,13,1,4,473,34
15000,11,16,0,4,473,34
7000,11,30,0,4,473,48
14000,18,15,1,4,473,37
4600,9,14,1,4,473,30
10000,11,21,0,4,473,39
14000,16,9,1,4,473,30
16000,9,16,0,4,473,32
10000,21,10,1,4,650,33
7600,21,42,1,4,650,65
14000,18,19,1,4,650,41
4000,16,21,0,4,650,42
12000,21,35,1,4,650,58
20000,18,27,1,1,837900,49
18000,22,7,0,1,837900,33
12500,18,29,1,1,837900,51
25000,21,4,0,1,837900,27
6500,21,15,1,1,837900,38
30000,21,16,0,1,837900,39
10000,18,17,1,1,837900,39
2500,16,0,0,1,837900,21
8000,21,1,1,1,837900,24
15000,18,26,0,1,837900,48
15000,18,3,1,1,837900,25
18000,23,8,0,1,837900,34
7500,14,2,1,1,837900,23
25000,21,25,1,1,837900,48
21000,18,7,1,1,837900,29
15000,19,45,0,1,837900,65
12000,21,12,1,1,837900,35
1400,11,44,0,1,837900,62
10000,18,21,1,1,837900,43
30000,21,24,0,1,837900,47
7000,18,30,1,1,837900,52
20000,21,32,0,1,837900,55
17000,21,0,0,1,837900,23
12000,21,10,1,1,837900,33
6000,8,47,1,1,837900,62
18000,18,26,1,1,837900,48
16000,18,22,0,1,837900,44
19000,21,13,1,1,837900,36
5000,21,18,1,1,837900,41
7500,16,9,1,1,837900,30
12000,8,16,0,1,837900,31
12000,14,14,1,1,837900,35
12000,18,54,1,1,837900,76
4700,14,51,0,1,837900,72
20000,21,31,1,1,837900,54
23500,18,29,1,1,837900,51
15000,18,20,1,1,837900,42
17000,11,17,0,1,837900,35
28000,14,28,0,1,837900,49
5000,18,52,0,1,837900,74
7000,21,25,1,1,837900,48
42000,21,24,0,1,837900,47
20000,14,3,0,1,837900,24
30000,23,5,1,1,837900,31
23000,16,11,0,1,837900,32
6200,21,33,1,1,837900,56
14000,21,37,0,1,837900,60
12000,14,26,0,1,524669,47
22000,14,26,1,1,524669,47
14000,14,35,0,1,524669,56
3000,18,19,1,1,524669,41
6800,18,6,1,1,524669,28
23000,21,8,0,1,524669,31
9600,18,18,1,1,524669,40
15000,10,24,1,1,524669,41
20000,21,30,0,1,524669,53
10000,20,15,0,1,524669,36
11000,18,40,0,1,524669,62
20000,21,31,1,1,524669,54
10000,18,32,0,1,524669,54
20000,21,32,0,1,524669,55
15000,21,2,0,1,524669,25
18200,21,40,1,1,524669,63
8000,18,45,0,1,524669,67
65,15,6,1,1,524669,27
47000,21,11,1,1,524669,34
11500,16,31,1,1,524669,52
18000,21,2,1,1,524669,25
17000,11,29,0,1,524669,47
10000,21,21,1,1,524669,44
10000,16,25,1,1,524669,46
40000,11,27,0,1,524669,45
6100,14,1,0,1,524669,22
52000,14,17,0,1,524669,38
11000,18,9,1,1,524669,31
30000,16,27,0,1,524669,48
23000,21,22,1,1,524669,45
13000,21,23,1,1,524669,46
25000,21,28,0,1,524669,51
4200,17,35,1,1,524669,57
15000,21,36,0,1,524669,59
19500,21,26,1,1,524669,49
50000,22,24,0,1,524669,50
35000,21,6,1,1,524669,29
20000,21,0,1,1,524669,23
20000,23,8,1,1,524669,34
16000,21,10,0,1,508887,33
11000,21,8,1,1,508887,31
8000,21,4,1,1,508887,27
20000,16,3,0,1,508887,24
23000,21,9,0,1,508887,32
7000,18,36,1,1,508887,58
15000,21,32,0,1,508887,55
18000,21,32,1,1,508887,55
15000,21,18,1,1,508887,41
22000,18,37,0,1,508887,59
8000,8,42,1,1,508887,57
6000,18,12,1,1,508887,34
15000,11,6,0,1,508887,24
13800,21,35,0,1,508887,58
12000,21,38,1,1,508887,61
20000,21,48,0,1,508887,71
23000,21,14,0,1,508887,37
16000,18,12,0,1,508887,34
15000,21,10,1,1,508887,33
8000,21,24,1,1,508887,47
7000,14,6,0,1,508887,27
8000,18,37,1,1,508887,59
10000,15,0,0,1,508887,21
16000,11,41,0,1,508887,59
10000,18,10,1,1,508887,32
21000,21,11,0,1,508887,34
18000,18,21,0,1,508887,43
8000,18,3,0,1,508887,25
6000,21,13,0,1,508887,36
18000,18,39,0,1,508887,61
17000,21,34,1,1,508887,57
18000,21,14,1,1,508887,37
22000,14,16,0,1,508887,37
16000,21,29,1,1,508887,52
19000,16,31,0,1,508887,52
14000,19,6,1,1,508887,26
20000,16,24,0,1,508887,45
12000,16,12,1,1,508887,33
10000,18,14,1,1,508887,36
7300,18,1,1,1,508887,23
5000,18,32,1,1,508887,54
10000,19,2,1,1,508887,22
15000,18,17,1,2,52817,39
10000,16,27,1,2,52817,48
26000,20,27,0,2,52817,48
6000,8,18,1,4,282,33
10200,10,23,1,4,1130,40
11400,14,17,0,4,1130,38
12700,6,23,0,2,52817,36
5000,16,16,1,2,52817,37
6000,14,24,0,2,52817,45
5000,18,17,1,2,52817,39
40000,21,21,0,2,52817,44
30000,18,23,0,2,52817,45
14500,18,21,1,2,52817,43
26000,18,36,0,2,52817,58
18000,9,8,1,2,52817,24
13000,21,33,1,2,52817,56
9000,21,31,0,2,52817,54
15000,18,9,1,2,52817,31
25000,21,9,0,2,52817,32
20000,11,37,0,2,52817,55
7200,16,39,1,2,52817,60
6500,8,47,0,2,52817,62
9000,18,19,1,2,52817,41
8000,18,12,1,2,52817,34
14000,11,16,0,2,52817,34
9500,18,20,1,2,52817,42
4700,18,36,1,2,52817,58
25000,16,33,0,4,1130,54
12000,18,11,1,4,1130,33
15000,18,16,0,4,1130,38
5000,18,15,1,4,1768,37
39500,21,11,0,4,1768,34
5600,20,13,1,4,1768,34
10150,14,33,0,4,1768,54
5000,18,31,1,4,1768,53
4800,14,15,1,4,1768,36
6600,9,19,0,4,1768,35
6800,9,39,0,3,9859,55
8600,14,4,0,3,9859,25
5000,14,2,1,3,9859,23
17020,9,37,1,3,9859,53
6300,9,7,0,3,9859,23
4100,9,37,1,3,9859,53
5500,18,15,1,3,9859,37
18600,18,22,0,4,5758,44
9200,18,15,1,4,5758,37
7500,16,30,0,4,5758,51
10000,18,24,1,4,5758,46
25000,14,1,0,4,5758,22
38200,21,24,1,4,5758,47
26000,21,28,0,4,5758,51
4850,14,17,0,4,1989,38
7050,9,26,0,4,1989,42
4580,9,36,1,4,1989,52
7800,9,35,0,4,1989,51
7500,9,29,0,4,1989,45
5600,14,31,1,4,6664,52
13700,21,33,1,4,1298,56
11200,21,6,1,4,1298,29
11200,21,4,1,4,1298,27
9800,21,10,1,4,1761,33
11000,21,26,1,4,8007,49
12000,19,1,1,2,210115,21
24000,18,17,1,2,210115,39
24000,21,26,0,2,210115,49
40000,11,14,0,2,210115,32
7000,16,15,1,2,210115,36
12000,14,15,1,2,210115,36
5700,21,14,0,2,210115,37
6000,21,29,0,2,210115,52
5400,18,2,1,2,210115,24
14600,11,6,0,2,210115,24
40000,21,21,0,2,210115,44
8000,18,26,1,2,210115,48
4000,18,44,1,2,210115,66
8000,8,41,0,2,210115,56
16000,18,8,1,2,210115,30
25000,8,28,0,2,210115,43
58000,21,7,0,2,210115,30
40000,16,28,0,2,210115,49
4000,18,33,1,2,210115,55
70000,11,14,0,2,210115,32
6200,18,15,1,2,210115,37
7000,18,25,0,2,210115,47
4200,9,20,1,2,210115,36
15000,21,3,1,2,210115,26
8500,8,29,1,2,210115,44
4000,18,36,1,2,210115,58
15000,21,8,0,2,210115,31
8000,11,3,0,2,210115,21
8000,21,37,1,2,210115,60
10000,18,31,1,2,210115,53
12000,18,7,0,2,210115,29
20000,10,21,0,2,210115,38
12000,21,28,1,2,210115,51
10000,16,34,0,2,210115,55
12600,18,24,1,2,210115,46
20000,16,12,0,4,1093,33
4340,21,17,1,4,1093,40
5000,19,22,1,4,1093,42
10500,18,20,0,4,1093,42
7000,16,18,1,4,1093,39
16000,21,21,0,4,1093,44
5200,19,29,0,4,1093,49
5000,14,23,0,4,1093,44
30500,21,14,1,2,210115,37
15000,21,10,1,2,42075,33
35000,16,28,0,2,42075,49
17000,17,18,1,2,42075,40
15000,18,19,1,2,42075,41
45000,21,8,0,2,42075,31
40000,18,7,1,2,42075,29
8000,8,53,1,2,42075,68
10000,16,38,1,2,42075,59
15000,16,37,1,2,42075,58
8000,18,8,1,2,42075,30
40000,18,13,0,2,42075,35
27000,21,12,1,2,42075,35
50000,21,10,0,2,42075,33
25000,21,8,1,2,42075,31
48000,20,13,0,2,42075,34
30000,18,32,1,2,42075,54
7000,18,41,1,2,42075,63
18000,14,16,1,2,42075,37
10000,18,27,1,2,42075,49
20000,13,42,0,2,42075,62
15000,16,12,1,2,42075,33
25000,21,31,1,2,42075,54
28000,14,33,0,2,42075,54
20000,14,31,0,2,42075,52
30000,18,30,1,2,42075,52
20000,9,20,1,2,42075,36
16000,16,24,0,2,42075,45
70000,11,12,0,2,42075,30
20000,21,11,1,2,42075,34
40000,21,19,0,2,42075,42
35000,21,11,1,2,42075,34
15000,9,10,1,2,42075,26
15000,16,28,1,2,42075,49
30000,21,29,1,2,42075,52
60000,14,23,0,2,42075,44
6700,18,12,1,4,883,34
23000,14,14,0,4,883,35
25000,18,14,1,4,883,36
12000,14,11,1,4,883,32
20000,14,9,0,4,883,30
11000,16,17,1,4,883,38
12000,14,15,0,4,883,36
30000,21,7,0,4,240,30
15000,16,31,1,2,42075,52
15000,18,40,1,4,240,62
40000,17,39,0,4,240,61
30000,21,21,1,4,240,44
30000,14,25,1,1,592034,46
16000,12,4,1,1,592034,23
24000,15,33,1,1,592034,54
23000,16,18,0,1,592034,39
10000,11,40,0,1,592034,58
7000,11,39,1,1,592034,57
8000,11,18,1,1,592034,36
20000,21,27,1,1,592034,50
35000,18,23,0,1,592034,45
25000,21,6,1,1,592034,29
10000,21,29,1,1,592034,52
9000,16,18,1,1,592034,39
20000,21,37,1,1,592034,60
25000,21,1,1,1,592034,24
25000,20,3,0,1,592034,24
8000,11,37,1,1,592034,55
32000,14,17,0,1,592034,38
15000,18,31,1,4,7613,53
9000,21,2,1,4,7613,25
15000,21,1,1,4,7613,24
15000,18,4,0,4,7613,26
6000,11,17,1,4,863,35
29000,9,18,0,4,863,34
35000,22,2,0,4,7613,28
20000,21,19,0,4,7613,42
16000,21,14,1,4,7613,37
50000,21,11,1,4,7613,34
30000,14,16,0,4,7613,37
25000,21,33,1,4,7613,56
12000,21,25,0,4,7613,48
16000,21,15,1,4,7613,38
4000,18,24,0,4,2305,46
4000,16,29,1,4,2305,50
4000,18,29,0,4,2305,51
10000,18,10,1,4,1100,32
5500,8,47,0,4,863,62
30000,9,19,0,4,863,35
30000,12,11,0,4,863,30
6000,18,29,1,4,863,51
6000,14,5,0,4,863,26
11000,21,14,1,4,1100,37
25000,21,18,0,4,1100,41
4800,8,44,1,4,1100,59
5000,11,17,1,4,1100,35
15000,18,27,1,4,1100,49
20000,21,26,0,4,1100,49
14800,18,31,1,4,346,53
16000,16,36,0,4,346,57
25000,18,2,0,4,346,24
8000,8,37,0,4,346,52
2000,7,9,0,4,346,23
20000,7,41,0,4,346,55
30000,9,10,0,4,346,26
4000,11,10,1,4,346,28
15000,8,37,1,4,399,52
5000,8,37,0,4,399,52
11190,14,31,0,4,399,52
7000,10,11,0,4,399,28
8900,23,47,0,4,1266,73
5000,16,25,1,4,1266,46
11150,18,25,0,4,1266,47
5000,5,60,0,4,1266,72
6000,18,38,1,4,1266,60
21000,14,24,0,4,7613,45
10000,21,19,1,4,7613,42
30000,18,6,0,4,7613,28
7000,11,8,1,4,7613,26
23000,21,23,0,4,7613,46
9000,18,19,1,4,7613,41
10000,10,9,0,4,7613,26
18000,18,25,1,4,7613,47
9500,8,36,0,4,7613,51
12000,14,18,1,4,7613,39
7000,20,18,1,4,7613,39
10000,11,5,0,4,7613,23
40000,18,14,0,4,7613,36
12000,8,39,1,4,7613,54
15000,11,16,0,4,7613,34
1500,18,44,1,4,7613,66
16000,18,19,1,4,7613,41
30000,21,24,0,4,7613,47
3000,18,34,1,4,7613,56
20000,21,9,1,4,7613,32
7000,18,18,1,2,66508,40
11000,14,23,0,2,66508,44
4000,20,18,0,4,420,39
6000,18,11,1,4,420,33
11000,14,26,0,2,66508,47
11000,18,25,1,2,66508,47
7200,21,24,1,2,66508,47
13000,21,26,0,2,66508,49
13000,21,28,0,2,66508,51
8700,21,26,1,2,66508,49
10000,14,0,1,2,66508,21
8000,21,4,1,2,66508,27
14000,11,33,0,2,66508,51
60000,23,15,0,2,66508,41
8000,21,16,1,2,66508,39
4600,18,42,0,2,66508,64
6000,21,9,1,2,66508,32
15000,21,11,1,2,66508,34
30000,21,36,0,2,66508,59
150000,21,23,1,2,66508,46
6000,11,42,0,2,66508,60
10000,16,37,1,2,66508,58
11000,10,17,1,2,66508,34
10000,21,43,0,2,66508,66
6000,21,39,1,2,66508,62
6000,21,34,1,2,66508,57
5000,18,11,1,2,66508,33
20000,18,19,1,2,66508,41
1100,21,25,0,2,66508,48
9000,18,22,1,2,66508,44
7000,16,0,0,2,66508,21
5900,18,14,1,2,66508,36
8900,21,11,1,4,420,34
20000,11,17,0,4,420,35
8000,8,41,0,4,420,56
6300,16,31,1,4,420,52
5000,8,42,0,4,420,57
4000,13,15,0,4,420,35
12000,21,13,1,4,1195,36
6000,14,19,0,4,1195,40
5000,18,9,1,4,1195,31
15000,14,17,0,4,1195,38
6800,15,18,0,4,1195,39
6300,9,19,1,4,1195,35
6300,8,37,0,4,1195,52
4500,14,29,1,4,1195,50
4700,11,17,1,4,6675,35
17000,14,14,0,4,6675,35
5000,20,34,1,4,6675,55
8000,17,22,1,4,6675,44
12000,14,7,1,4,6675,28
16000,21,5,0,4,6675,28
27000,18,16,0,4,6675,38
15000,18,14,1,4,6675,36
15000,11,20,0,4,6675,38
19000,21,34,0,3,6067,57
6000,21,34,1,3,6067,57
7540,18,12,1,4,1195,34
17000,18,9,1,1,249806,31
40000,21,17,1,1,249806,40
10000,16,1,0,1,249806,22
14000,18,12,1,1,249806,34
4500,8,44,1,1,249806,59
44000,14,22,1,1,249806,43
40000,14,23,0,1,249806,44
38000,14,19,0,1,249806,40
15000,18,18,1,1,249806,40
22000,18,3,0,1,249806,25
50000,21,9,1,1,249806,32
57000,21,10,0,1,249806,33
10000,14,23,1,1,249806,44
23000,21,5,0,1,249806,28
15000,18,3,1,1,249806,25
15000,18,4,0,1,249806,26
18400,18,39,1,1,249806,61
7000,21,38,0,1,249806,61
11000,18,36,1,1,249806,58
6000,11,41,0,1,249806,59
14000,18,17,1,1,249806,39
10000,21,0,1,1,249806,23
25000,22,0,0,1,249806,26
10000,18,42,1,1,249806,64
30000,21,21,1,1,249806,44
10500,16,31,1,1,249806,52
18800,21,10,1,1,249806,33
27000,18,33,0,1,249806,55
20000,11,7,0,1,249806,25
15000,21,7,0,1,249806,30
5600,21,16,1,1,249806,39
12000,14,21,0,1,249806,42
6000,8,46,1,1,249806,61
24600,21,8,1,1,249806,31
36000,21,6,0,1,249806,29
15000,21,21,1,1,249806,44
23000,16,30,0,1,249806,51
40000,21,22,0,1,249806,45
20000,21,16,1,1,249806,39
5200,16,35,1,1,1130132,56
6500,16,34,0,1,1130132,55
15000,18,16,1,1,1130132,38
40000,18,22,0,1,1130132,44
20000,16,24,0,1,1130132,45
10000,18,0,0,1,1130132,22
7000,16,32,1,1,1130132,53
15000,18,29,1,1,1130132,51
13000,19,13,1,1,1130132,33
4600,18,30,1,1,1130132,52
10000,16,34,0,1,1130132,55
15000,14,17,1,1,1130132,38
11000,16,32,0,1,1130132,53
25000,18,8,0,1,1130132,30
30000,11,24,1,1,1130132,42
20000,18,6,1,1,1130132,28
8000,21,3,1,1,1130132,26
25000,21,4,0,1,1130132,27
5000,18,36,1,1,1130132,58
15000,21,12,1,1,1130132,35
15000,18,17,1,1,1130132,39
4600,18,38,1,1,1130132,60
32000,21,17,1,1,1130132,40
29000,21,32,1,1,1130132,55
15000,21,30,1,1,1130132,53
20000,21,33,0,1,1130132,56
5000,16,25,1,1,1130132,46
16000,21,0,0,1,1130132,23
8000,21,38,1,1,1130132,61
6000,14,40,1,1,1130132,61
15000,11,42,1,1,1130132,60
5000,16,10,1,1,1130132,31
8500,14,33,1,1,1130132,54
5500,16,24,1,1,1130132,45
30000,11,22,1,1,1130132,40
25000,21,25,1,1,1130132,48
20000,21,34,0,1,1130132,57
30000,21,1,0,1,1130132,24
12000,21,37,1,1,1130132,60
2233,18,7,1,1,1130132,29
25000,10,13,0,1,1130132,30
10000,21,29,1,1,1130132,52
21900,21,1,1,1,1130132,24
25000,21,24,0,1,1130132,47
15000,16,0,1,1,1130132,21
16000,19,4,0,1,1130132,24
10000,18,50,1,1,1130132,72
10000,21,35,1,1,1130132,58
20000,16,43,0,1,1130132,64
13000,14,32,1,1,1130132,53
40000,14,28,0,1,1130132,49
5100,21,15,1,1,1130132,38
20000,14,9,0,1,1130132,30
18000,14,7,1,1,1130132,28
30000,21,17,0,1,1130132,40
15000,21,12,1,1,1130132,35
21000,21,19,0,1,1130132,42
25000,23,15,1,1,1130132,41
20000,21,15,1,1,1130132,38
25000,21,14,0,1,1130132,37
10000,17,30,0,1,1130132,52
16000,19,22,1,1,1130132,42
5000,18,49,0,1,1130132,71
10000,16,7,0,4,9755,28
20000,21,23,1,4,3246,46
14000,14,13,1,4,1450,34
12000,8,9,0,4,1638,24
10000,21,32,0,4,9755,55
7700,18,32,1,4,9755,54
11000,18,33,1,4,9755,55
17500,21,28,1,4,9755,51
26000,21,22,0,4,9755,45
19000,14,5,0,4,9755,26
24000,18,36,0,4,9755,58
10000,14,32,0,4,9755,53
7900,18,24,1,4,9755,46
10000,21,14,1,4,9755,37
20000,21,14,0,4,9755,37
23000,21,11,0,4,9755,34
1300,21,7,1,4,9755,30
7500,17,15,0,4,9755,37
7500,14,11,1,4,9755,32
1380,5,21,1,4,1328,33
9000,16,10,1,4,1328,31
6000,18,33,1,4,1328,55
12000,18,37,0,4,1328,59
2500,14,39,0,4,1328,60
5000,14,31,1,4,80,52
12000,8,40,0,4,80,55
10000,8,15,0,4,80,30
7000,21,15,1,4,3246,38
20000,18,17,0,4,3246,39
7800,21,13,1,4,3246,36
28000,14,12,0,4,3246,33
30000,14,31,0,4,700,52
32000,18,6,0,4,700,28
8000,18,1,1,4,700,23
5400,14,18,1,4,700,39
15000,14,20,0,4,700,41
30000,18,4,0,4,700,26
30000,18,3,0,4,700,25
40000,18,1,1,4,700,23
10200,14,38,0,4,700,59
11200,18,29,1,4,700,51
28000,18,7,0,4,700,29
16000,21,2,1,4,700,25
10000,11,9,0,4,700,27
12000,16,4,1,4,700,25
12000,10,3,1,4,700,20
7500,18,31,1,4,1450,53
15000,14,32,0,4,1450,53
6500,11,27,1,4,1450,45
7000,18,13,1,4,1450,35
11000,21,18,1,4,1450,41
37000,18,25,0,4,1450,47
10000,21,33,1,4,1450,56
12000,16,19,1,4,1450,40
25000,19,24,0,4,1450,44
15000,8,41,0,4,1450,56
6800,18,31,1,4,1450,53
20000,11,16,0,4,3046,34
4000,19,8,1,4,3046,28
15000,11,37,0,4,3046,55
7000,18,34,1,4,3046,56
5000,14,28,0,4,3046,49
7000,18,29,1,4,3046,51
5800,14,41,0,4,3046,62
5050,18,37,1,4,3046,59
17000,14,29,0,4,288,50
6000,11,5,0,4,288,23
3500,14,19,1,4,288,40
6000,14,21,0,4,288,42
7800,16,16,1,4,288,37
25000,9,15,0,4,600,31
8000,10,18,1,4,600,35
13000,21,4,1,4,600,27
11800,14,26,1,4,600,47
21500,18,26,0,4,600,48
15000,18,7,1,4,600,29
21000,11,8,0,4,600,26
28000,14,4,0,4,600,25
15000,11,4,0,1,1253335,22
35000,21,14,0,1,1253335,37
50000,21,11,0,1,1253335,34
25000,21,6,1,1,1253335,29
25000,21,8,0,1,1253335,31
10000,8,27,1,1,1253335,42
15000,11,29,0,1,1253335,47
18000,11,9,0,1,1253335,27
22350,11,18,1,1,1253335,36
27500,14,17,0,1,1253335,38
7000,14,34,0,1,1253335,55
25000,21,30,1,1,1253335,53
25000,21,5,1,1,1253335,28
7900,21,7,1,1,1253335,30
30000,21,12,0,1,1253335,35
6000,18,10,1,1,1253335,32
17000,17,30,0,1,1253335,52
18000,18,28,1,1,1253335,50
14000,16,36,1,1,1253335,57
24000,21,36,0,1,1253335,59
6000,21,10,1,1,1253335,33
15000,14,12,0,1,1253335,33
36000,18,9,0,1,1253335,31
18000,21,7,1,1,1253335,30
20000,21,18,1,1,1253335,41
27000,21,23,0,1,1253335,46
28000,18,34,0,1,1253335,56
25000,21,3,0,1,1253335,26
7000,17,27,1,1,1253335,49
8400,14,37,1,1,1253335,58
25000,16,11,0,1,1253335,32
10000,8,23,1,1,1253335,38
15000,14,1,0,1,1253335,22
13000,14,29,0,1,1253335,50
40000,11,13,0,1,1253335,31
13000,21,6,0,1,1253335,29
15000,21,24,1,1,1253335,47
10000,16,32,1,1,1253335,53
16000,21,44,1,1,1253335,67
15000,14,38,0,1,1253335,59
5000,20,30,1,1,1253335,51
15000,21,26,0,1,1253335,49
50000,21,21,0,1,1253335,44
50000,21,18,1,1,1253335,41
19000,21,21,1,1,1253335,44
15000,21,39,0,1,1253335,62
7800,18,43,1,1,1253335,65
20000,21,9,1,1,1253335,32
13000,21,34,1,1,1253335,57
18000,11,23,0,1,1253335,41
10000,11,23,1,1,1253335,41
25000,21,12,1,1,1253335,35
5500,18,8,1,1,1253335,30
16000,11,2,0,1,1253335,20
14000,10,0,0,1,1253335,17
18000,21,8,0,1,1253335,31
15000,16,10,0,3,10772,31
25000,11,31,0,3,10772,49
11000,21,26,1,3,10772,49
15000,18,28,0,3,10772,50
4500,16,8,1,3,10772,29
7000,11,11,1,3,10772,29
6000,11,26,1,3,10772,44
10000,16,28,0,3,10772,49
15000,11,5,0,3,10772,23
5600,11,25,1,3,10772,43
15000,18,24,0,3,10772,46
15000,11,4,0,3,10772,22
5000,16,37,0,3,10772,58
2500,16,38,1,3,10772,59
4500,11,42,0,3,10772,60
6000,18,22,1,3,10772,44
12000,21,28,1,3,10772,51
13000,18,30,0,3,10772,52
12000,8,34,0,4,124,49
2400,14,20,1,4,124,41
2400,18,28,0,4,124,50
7000,18,24,1,4,124,46
5500,14,20,0,4,124,41
1500,8,30,0,4,124,45
7000,16,33,0,4,1320,54
10000,18,27,1,4,1320,49
8000,16,9,0,4,1320,30
3800,16,2,1,4,1320,23
11000,11,14,0,4,1320,32
11000,18,27,1,4,1320,49
18000,18,29,0,4,1320,51
10000,14,6,1,4,1320,27
25000,18,10,0,4,1320,32
25000,19,23,0,4,1320,43
8000,8,22,0,4,1320,37
4700,18,24,1,4,590,46
8000,14,33,0,4,590,54
7000,11,30,0,4,590,48
5000,10,25,1,4,590,42
6000,8,36,0,4,590,51
7000,9,16,1,4,590,32
12000,20,23,0,4,590,44
6500,16,25,1,4,28,46
7000,11,31,0,4,28,49
22000,18,13,0,4,1500,35
10000,18,18,1,4,1500,40
25000,18,15,0,4,1500,37
35000,14,24,0,4,1500,45
30000,18,10,0,4,1500,32
10000,14,36,1,4,455,57
5000,11,22,1,4,455,40
5000,11,24,0,4,455,42
7000,11,3,0,4,455,21
5500,18,42,1,4,455,64
7000,11,38,0,4,455,56
17000,17,5,1,4,455,27
8000,19,27,1,4,455,47
12000,14,28,0,4,455,49
15000,21,1,1,4,455,24
6500,14,27,1,4,455,48
7000,11,34,0,4,87,52
15000,11,7,0,4,87,25
7000,9,11,0,4,87,27
7000,10,9,1,4,87,26
5000,14,30,0,4,87,51
6000,8,31,1,4,87,46
15000,11,7,0,4,87,25
6000,8,40,0,4,87,55
25000,16,8,0,4,28362,29
73500,14,8,0,4,28362,29
15000,16,5,0,4,28362,26
22000,11,9,0,4,1201,27
11000,11,25,0,4,2562,43
10000,18,1,1,4,2562,23
4800,16,18,1,4,28362,39
8000,21,13,0,4,28362,36
45000,18,32,1,4,28362,54
44000,21,12,0,4,28362,35
7000,14,14,1,4,28362,35
9500,14,19,0,4,2357,40
6000,8,24,1,4,2357,39
8000,18,36,1,4,1201,58
30000,16,29,0,4,1201,50
10000,14,13,0,4,2562,34
18000,18,6,1,4,2562,28
16000,18,18,1,4,5941,40
9500,18,23,0,4,5941,45
9000,21,11,1,4,28362,34
10500,21,6,1,4,28362,29
20000,14,11,0,4,28362,32
5500,14,37,0,4,28362,58
15000,18,19,0,4,28362,41
6000,18,17,1,4,28362,39
26000,18,21,1,4,28362,43
40000,14,21,0,4,28362,42
12000,21,20,1,4,28362,43
9000,14,17,1,4,28362,38
29000,18,21,1,4,28362,43
10000,14,32,1,4,28362,53
12000,18,32,0,4,28362,54
8000,21,8,1,4,28362,31
10000,11,28,1,4,28362,46
9000,16,19,0,4,28362,40
35000,14,15,0,4,28362,36
12000,21,9,1,4,28362,32
15000,11,17,0,4,28362,35
6500,16,17,1,4,28362,38
12000,16,32,1,4,28362,53
13000,18,39,0,4,28362,61
6000,21,10,1,4,28362,33
12000,21,6,1,4,28362,29
6000,14,10,0,4,28362,31
8000,18,21,1,4,28362,43
10000,18,20,1,4,28362,42
30000,18,25,0,4,28362,47
7000,18,0,1,4,28362,22
30000,14,4,0,4,28362,25
10000,18,22,1,4,28362,44
15000,18,24,0,4,28362,46
20000,21,1,0,4,28362,24
8000,11,25,1,4,28362,43
7000,21,41,0,4,28362,64
7000,14,3,1,4,28362,24
16000,21,5,0,4,28362,28
3400,21,4,1,4,28362,27
25000,18,11,0,4,28362,33
14000,18,32,1,4,5941,54
7100,11,38,0,4,5941,56
8000,14,27,0,4,5941,48
10500,18,26,1,4,5941,48
10000,21,1,1,4,5941,24
8700,9,20,0,4,5941,36
8000,9,39,0,4,5941,55
8600,14,34,1,4,5941,55
13500,18,24,1,4,5941,46
11000,21,22,0,4,5941,45
12000,21,0,0,4,5941,23
35000,14,27,1,4,5941,48
7000,11,18,1,4,5941,36
12000,18,24,0,4,5941,46
10500,11,22,0,4,5941,40
10300,18,17,1,4,5941,39
20000,14,20,0,4,2357,41
8500,16,30,0,4,2357,51
6000,16,24,1,4,2357,45
7500,18,4,0,4,2357,26
11000,18,15,0,4,2357,37
10000,18,13,1,4,2357,35
7500,11,30,0,4,360,48
8500,18,19,1,4,360,41
7000,21,0,1,4,360,23
12000,16,13,0,4,360,34
5000,16,31,1,4,1201,52
9500,18,33,0,4,1201,55
6400,18,38,1,4,1201,60
6000,18,38,0,4,1201,60
9000,18,25,1,4,1201,47
12000,14,1,0,4,1201,22
8000,14,23,0,4,1201,44
14000,21,20,1,4,1201,43
23000,11,9,0,4,1201,27
6800,14,17,1,4,1201,38
23000,11,15,0,4,1201,33
10000,18,27,1,4,2562,49
13000,18,6,1,4,2562,28
15000,18,3,1,4,2562,25
18000,19,11,0,4,2562,31
5500,18,27,1,4,2562,49
50000,18,10,0,4,2562,32
5000,11,31,1,4,2562,49
10000,18,19,1,4,2562,41
10000,11,2,1,4,2562,20
11100,18,17,1,4,2562,39
8000,11,5,0,4,2562,23
6500,14,41,0,4,2562,62
23000,16,0,0,1,326861,21
12000,21,0,1,1,326861,23
10000,21,15,1,1,326861,38
39000,21,20,0,1,326861,43
20000,9,6,0,1,326861,22
8000,14,3,1,1,326861,24
10000,21,23,1,1,326861,46
13000,18,30,1,1,326861,52
9000,21,26,1,1,326861,49
12000,21,29,1,1,326861,52
15000,21,11,0,1,326861,34
8000,16,32,1,1,326861,53
15000,18,18,1,1,326861,40
25000,21,21,0,1,326861,44
17000,11,13,0,1,326861,31
5000,16,5,1,1,326861,26
10000,18,16,1,1,326861,38
35000,21,5,1,1,326861,28
15000,18,3,0,1,326861,25
10000,18,31,1,1,326861,53
10000,9,38,0,1,326861,54
15000,14,19,0,1,326861,40
20000,21,2,1,1,326861,25
16500,17,2,0,1,326861,24
8500,21,1,1,1,326861,24
13000,18,30,1,1,501169,52
35000,16,24,0,1,501169,45
20000,16,29,0,1,501169,50
30000,18,27,0,1,501169,49
12000,21,26,1,1,501169,49
12000,18,37,1,1,501169,59
8000,14,31,1,1,501169,52
15000,16,8,0,1,501169,29
10000,9,45,0,1,501169,61
12000,21,32,1,1,501169,55
23000,14,32,1,1,501169,53
15000,21,35,1,1,501169,58
14000,18,4,1,1,501169,26
15000,21,4,0,1,501169,27
7500,18,29,1,1,501169,51
15000,18,21,0,1,501169,43
8000,14,17,1,1,501169,38
15000,16,20,1,1,501169,41
40000,21,20,0,1,501169,43
9310,14,38,1,1,501169,59
26000,21,7,0,1,501169,30
22000,21,34,1,1,501169,57
15000,16,35,0,1,501169,56
25000,21,4,1,1,501169,27
35000,21,5,0,1,501169,28
18000,21,8,1,1,501169,31
17300,18,29,1,1,501169,51
12000,14,35,0,1,501169,56
18000,21,16,1,1,501169,39
12000,11,7,0,1,501169,25
25000,14,35,0,1,501169,56
20000,16,18,1,1,501169,39
22000,11,22,0,1,501169,40
15000,14,0,1,1,501169,21
7000,16,34,1,1,501169,55
10000,18,11,1,1,501169,33
30000,16,15,0,1,501169,36
29000,14,29,1,1,501169,50
20000,18,6,1,1,501169,28
15000,14,29,1,1,501169,50
17400,16,9,0,1,501169,30
15000,19,7,0,1,501169,27
30000,14,3,0,2,111843,24
25000,21,11,1,2,111843,34
30000,11,18,0,2,111843,36
6000,21,2,1,2,111843,25
15000,10,9,0,2,111843,26
8000,9,40,1,2,111843,56
18700,14,13,1,2,111843,34
15900,11,4,0,2,111843,22
15000,14,41,0,2,111843,62
21000,21,26,1,2,111843,49
5400,11,41,1,2,111843,59
8000,16,42,0,2,111843,63
15000,16,39,0,2,111843,60
70000,21,18,0,2,111843,41
6500,21,30,1,2,111843,53
15400,18,16,0,2,111843,38
16400,18,28,0,2,111843,50
27000,11,21,1,2,111843,39
30000,8,26,0,2,111843,41
20000,21,14,1,2,111843,37
17000,11,16,1,1,4879566,34
30000,18,16,0,1,4879566,38
25000,18,24,1,1,4879566,46
22000,14,1,0,1,4879566,22
10000,21,1,1,1,4879566,24
30000,11,24,0,1,4879566,42
30000,21,32,1,1,4879566,55
12000,21,34,1,1,4879566,57
14000,21,2,1,1,4879566,25
11000,16,27,1,1,4879566,48
13000,19,33,1,1,4879566,53
18000,20,42,0,1,4879566,63
55000,21,3,0,1,4879566,26
30000,18,23,1,1,4879566,45
20000,21,2,1,1,4879566,25
28000,11,9,1,1,4879566,27
40000,14,12,0,1,4879566,33
20000,21,24,1,1,4879566,47
30000,21,4,1,1,4879566,27
20000,22,38,0,1,4879566,64
25000,21,36,1,1,4879566,59
20000,22,2,1,1,4879566,28
30000,18,31,1,1,4879566,53
35000,21,17,0,1,4879566,40
40000,21,7,0,1,4879566,30
40000,18,1,0,1,4879566,23
38000,21,6,1,3,17381,29
20000,14,9,0,4,2000,30
42000,23,14,0,3,5000,40
80000,21,35,0,1,524669,58
13000,21,10,1,1,524669,33
15000,22,11,1,1,524669,37
20500,21,25,1,1,524669,48
18000,21,33,1,1,524669,56
30000,21,25,1,1,524669,48
18000,21,3,1,1,524669,26
15000,21,38,0,1,524669,61
20000,14,4,1,1,524669,25
7000,9,19,0,1,524669,35
16100,21,4,1,1,524669,27
20000,21,2,1,1,524669,25
7000,18,37,1,1,524669,59
2500,11,36,0,1,524669,54
7000,14,17,1,1,524669,38
30000,21,31,1,1,524669,54
6800,18,36,1,1,524669,58
4500,14,35,0,1,524669,56
20000,18,1,0,1,524669,23
5800,18,1,1,1,524669,23
22000,21,5,0,1,508887,28
24000,21,3,0,1,508887,26
11000,21,2,1,1,508887,25
14000,18,27,1,1,508887,49
23000,18,29,0,1,508887,51
10000,18,22,1,1,508887,44
11000,14,1,0,1,508887,22
3800,18,40,1,1,508887,62
16000,16,13,0,1,508887,34
16000,9,6,0,1,508887,22
20000,16,4,0,2,52817,25
17000,11,21,0,2,52817,39
8800,21,26,1,2,52817,49
27000,18,27,0,2,52817,49
20000,14,5,0,2,52817,26
2000,16,11,0,2,52817,32
10000,16,6,1,2,52817,27
16000,16,3,0,2,52817,24
23000,18,15,0,2,52817,37
22000,18,15,1,2,52817,37
11000,14,18,1,2,52817,39
15000,14,23,0,2,52817,44
20000,16,19,1,2,52817,40
5800,16,27,1,2,52817,48
30000,18,36,0,2,52817,58
16000,16,33,0,2,52817,54
12000,18,35,1,2,52817,57
25000,14,7,0,2,52817,28
4000,16,21,1,2,52817,42
14000,16,19,0,2,52817,40
10000,16,29,1,2,52817,50
15000,13,3,0,2,210115,23
12000,16,6,0,2,210115,27
15000,21,9,1,2,210115,32
30000,18,17,0,2,210115,39
16000,21,16,1,2,210115,39
9700,21,43,1,2,210115,66
1600,21,30,1,2,210115,53
18000,16,38,0,2,210115,59
20000,21,13,1,2,210115,36
15000,18,1,1,2,42075,23
8000,18,4,1,2,42075,26
25000,21,1,1,2,42075,24
84000,16,8,0,2,42075,29
40000,14,18,0,2,42075,39
15000,14,45,1,2,42075,66
40000,14,13,0,2,42075,34
30000,14,9,0,2,42075,30
15000,16,16,1,2,42075,37
30000,16,7,0,2,42075,28
13500,21,4,1,2,42075,27
30000,16,17,1,2,42075,38
30000,18,35,1,2,42075,57
27000,8,23,1,2,42075,38
23000,8,5,1,2,42075,20
21000,16,32,1,2,42075,53
8000,18,37,1,2,42075,59
15000,16,37,0,2,42075,58
18000,14,13,1,2,42075,34
65000,21,9,1,1,592034,32
25000,18,30,1,1,592034,52
20000,14,25,0,1,592034,46
23000,19,3,0,1,592034,23
10000,14,17,1,1,592034,38
25000,16,13,0,1,592034,34
12000,16,17,1,1,592034,38
10000,16,32,0,1,592034,53
35000,14,36,1,1,592034,57
20000,14,7,0,1,592034,28
6500,21,51,1,1,592034,74
7500,21,51,0,1,592034,74
25000,20,3,0,1,592034,24
12000,16,5,1,1,592034,26
10000,16,16,0,1,592034,37
7000,14,51,1,1,592034,72
75000,21,14,0,1,592034,37
3000,21,11,1,1,592034,34
30000,14,0,0,1,592034,21
10000,21,37,1,1,592034,60
13000,21,43,0,1,592034,66
13000,9,21,1,1,592034,37
15000,21,23,1,1,592034,46
20000,11,21,0,1,592034,39
20000,16,10,1,1,592034,31
17000,17,32,1,1,592034,54
22000,18,24,0,1,592034,46
11000,14,42,1,1,592034,63
20000,21,6,1,1,592034,29
19000,8,34,1,1,592034,49
22000,16,20,0,1,592034,41
10000,21,10,1,1,592034,33
25000,21,12,0,1,592034,35
4000,14,43,1,1,592034,64
12000,16,51,0,1,592034,72
20000,14,33,0,4,7613,54
8500,16,52,0,4,346,73
2800,18,26,1,4,863,48
5800,16,2,1,4,399,23
8200,9,9,0,4,399,25
4000,16,16,1,4,346,37
10000,18,27,1,2,66508,49
16000,18,26,0,2,66508,48
6000,13,32,1,3,6067,52
6000,18,6,1,3,6067,28
7000,8,19,0,3,6067,34
7700,11,21,1,2,66508,39
4500,9,3,1,2,66508,19
11300,11,16,1,2,66508,34
6500,18,16,0,4,420,38
25000,21,35,1,1,249806,58
37000,16,15,0,1,249806,36
5000,20,1,1,1,249806,22
23500,21,1,0,1,249806,24
6000,14,13,1,1,249806,34
20000,16,15,0,1,249806,36
25000,16,19,0,1,249806,40
4000,19,11,1,1,249806,31
10000,14,28,1,1,249806,49
10000,18,24,1,1,249806,46
200000,16,22,0,1,249806,43
30000,23,10,1,1,249806,36
43000,23,13,0,1,249806,39
6800,16,30,1,1,249806,51
10000,8,27,0,1,249806,42
10000,16,27,1,1,249806,48
12115,11,23,1,1,249806,41
35000,22,16,1,1,249806,42
25000,21,25,1,1,249806,48
25000,16,19,0,1,249806,40
5700,9,11,1,1,249806,27
29000,16,6,0,1,249806,27
50000,16,10,0,1,249806,31
16000,18,18,1,1,249806,40
35000,21,36,0,1,249806,59
7500,16,43,0,1,249806,64
4000,18,7,1,1,249806,29
9600,11,13,1,1,249806,31
22000,18,38,1,1,1130132,60
20000,18,21,1,1,1130132,43
12000,14,32,0,1,1130132,53
50000,21,3,0,1,1130132,26
5360,18,3,1,1,1130132,25
40000,14,7,0,1,1130132,28
25000,18,26,1,1,1130132,48
5000,21,38,0,1,1130132,61
30000,16,6,0,1,1130132,27
7200,18,33,0,1,1130132,55
20000,21,9,1,1,1130132,32
4000,21,38,1,1,1130132,61
50,16,11,1,1,1130132,32
8000,9,17,0,1,1130132,33
7000,21,37,1,1,1130132,60
14000,18,4,1,1,1130132,26
28000,14,16,0,1,1130132,37
9000,21,7,1,1,1130132,30
10000,21,37,0,1,1130132,60
16000,16,19,1,1,1130132,40
12000,14,11,1,1,1130132,32
50000,18,2,0,1,1130132,24
20000,21,4,0,1,1130132,27
7000,21,53,1,1,1130132,76
20000,12,8,1,1,1130132,27
15000,21,18,0,1,1130132,41
6000,18,53,1,1,1130132,75
19000,11,25,0,1,1130132,43
19500,8,19,0,1,1130132,34
18000,8,17,0,1,1130132,32
20000,14,18,0,1,1130132,39
15000,21,15,0,1,1130132,38
30000,21,6,0,1,1130132,29
20000,16,3,1,1,1130132,24
40000,21,17,1,1,1130132,40
40000,21,17,0,1,1130132,40
7600,21,27,1,4,9755,50
20000,21,8,0,4,1450,31
30000,17,6,0,4,1450,28
10000,16,3,0,4,288,24
4000,16,5,1,4,288,26
25000,11,22,0,1,1253335,40
5300,14,22,0,1,1253335,43
7000,14,34,1,1,1253335,55
20000,9,15,0,1,1253335,31
18000,21,0,0,1,1253335,23
25000,18,18,0,1,1253335,40
10600,14,6,1,1,1253335,27
40000,9,19,0,1,1253335,35
18000,17,4,1,1,1253335,26
9000,18,28,1,1,1253335,50
14000,14,30,1,1,1253335,51
20000,21,18,1,1,1253335,41
45000,21,24,0,1,1253335,47
15000,21,1,1,1,1253335,24
18000,18,3,0,1,1253335,25
15000,21,29,1,1,1253335,52
15000,21,5,0,1,1253335,28
11000,18,12,1,1,1253335,34
15000,21,42,0,1,1253335,65
10000,18,37,1,1,1253335,59
4000,18,35,1,1,1253335,57
25000,11,16,1,1,1253335,34
12000,16,34,1,1,1253335,55
37000,11,10,0,1,1253335,28
15000,18,1,0,1,1253335,23
18000,21,30,0,1,1253335,53
8400,14,3,0,1,1253335,24
30000,21,26,0,1,1253335,49
15000,16,20,1,1,1253335,41
25000,18,14,1,1,1253335,36
15000,9,39,0,1,1253335,55
5500,14,33,1,1,1253335,54
12000,21,23,1,1,1253335,46
15000,21,2,0,1,1253335,25
17000,14,19,1,1,1253335,40
5000,16,41,1,1,1253335,62
7000,18,36,1,1,1253335,58
10000,18,12,1,1,1253335,34
25000,21,7,1,1,1253335,30
40000,21,5,0,1,1253335,28
50000,21,29,1,1,1253335,52
10000,18,31,1,1,1253335,53
45000,21,8,0,1,1253335,31
45000,16,20,0,1,1253335,41
11000,11,22,1,1,1253335,40
6000,16,14,1,3,10772,35
9000,18,23,1,3,10772,45
10000,18,1,0,3,10772,23
10000,16,1,0,3,10772,22
10000,9,9,0,4,87,25
7400,18,22,1,4,28,44
20000,18,23,0,4,28,45
30000,18,11,0,4,1320,33
11000,21,11,1,4,1320,34
6300,20,7,0,4,28362,28
24000,18,9,0,4,28362,31
20000,21,6,1,4,28362,29
19000,14,2,0,4,2562,23
20000,8,20,0,4,28362,35
7000,14,15,1,4,28362,36
15000,18,36,0,4,28362,58
15000,18,34,1,4,28362,56
17000,9,8,0,4,28362,24
9000,14,6,0,4,28362,27
26000,21,28,1,4,28362,51
12000,21,15,1,1,326861,38
20000,16,8,0,1,326861,29
6500,8,48,1,1,326861,63
30000,21,28,0,1,326861,51
20000,21,18,1,1,326861,41
40000,14,42,0,1,326861,63
7300,18,36,1,1,326861,58
15000,16,5,0,1,501169,26
12000,18,28,1,1,501169,50
9000,16,31,1,1,501169,52
20000,18,40,0,1,501169,62
15000,18,33,0,1,501169,55
10000,21,27,1,1,501169,50
5000,19,3,1,1,501169,23
6000,21,5,1,1,501169,28
20000,21,22,0,1,501169,45
4600,21,2,1,1,501169,25
20000,21,11,0,1,501169,34
75000,21,26,0,1,501169,49
15000,21,23,1,1,501169,46
10000,21,3,1,1,501169,26
12000,19,5,1,1,501169,25
13000,21,13,0,1,501169,36
20000,14,3,0,1,501169,24
28000,14,7,0,1,501169,28
5900,21,10,1,1,501169,33
19000,21,14,1,1,501169,37
40000,18,23,0,1,501169,45
15000,18,1,1,2,111843,23
15000,16,15,1,2,111843,36
25000,21,6,0,2,111843,29
25000,14,28,0,2,111843,49
10000,14,25,1,2,111843,46
30000,21,11,0,2,111843,34
19000,18,4,1,2,111843,26
25000,21,5,1,2,111843,28
40000,21,11,0,2,111843,34
3500,21,3,1,2,111843,26
19400,18,6,1,2,111843,28
20000,14,21,0,2,111843,42
17200,21,5,0,2,111843,28
6200,21,5,1,2,111843,28
18000,14,25,0,2,111843,46
17450,18,24,1,2,111843,46
14700,14,23,1,2,111843,44
18700,14,23,0,2,111843,44
12000,9,17,1,2,111843,33
20000,9,20,0,2,111843,36
18000,21,9,1,2,111843,32
18200,18,14,1,2,111843,36
4000,16,52,1,2,111843,73
26000,14,5,0,1,11503501,26
20000,14,3,0,1,11503501,24
25000,21,24,1,1,11503501,47
175000,22,17,1,1,11503501,43
60000,21,9,0,1,11503501,32
30000,18,23,1,1,11503501,45
32000,18,18,1,1,11503501,40
2148,16,12,1,1,11503501,33
24000,16,25,1,1,11503501,46
35000,16,27,0,1,11503501,48
20000,21,2,0,1,11503501,25
139000,23,24,0,1,11503501,50
40000,21,14,1,1,11503501,37
12000,18,2,1,1,11503501,24
34000,21,3,0,1,11503501,26
16000,21,30,1,1,11503501,53
34000,16,6,1,1,11503501,27
30000,21,6,0,1,11503501,29
50000,21,19,0,1,11503501,42
19000,21,45,1,1,11503501,68
20000,11,25,1,1,11503501,43
60000,21,8,1,1,11503501,31
153965,21,10,0,1,11503501,33
27000,23,28,1,1,11503501,54
7000,18,47,1,1,11503501,69
10600,21,2,1,1,11503501,25
55000,16,7,0,1,11503501,28
40000,22,8,0,1,11503501,34
40000,21,18,1,1,11503501,41
38000,23,21,0,1,11503501,47
40000,18,30,0,1,11503501,52
45000,22,2,0,1,11503501,28
50000,21,5,0,1,11503501,28
60000,18,6,0,1,11503501,28
23000,18,23,1,1,11503501,45
27000,21,26,0,1,11503501,49
30000,14,14,1,1,11503501,35
30000,21,19,0,1,11503501,42
25000,14,21,1,1,11503501,42
30000,16,22,0,1,11503501,43
35000,9,5,0,1,11503501,21
150000,23,29,0,1,11503501,55
45000,21,16,1,1,11503501,39
16500,14,1,0,1,11503501,22
22000,16,33,0,1,11503501,54
20000,21,38,0,1,11503501,61
12000,16,19,1,1,11503501,40
40000,14,29,0,1,11503501,50
25000,21,22,1,1,11503501,45
45000,14,23,0,1,11503501,44
38000,16,5,0,1,11503501,26
60000,14,32,0,1,11503501,53
20000,8,21,1,1,11503501,36
40000,21,3,0,1,11503501,26
45000,21,8,0,1,11503501,31
30000,21,3,1,1,11503501,26
17000,20,27,1,1,11503501,48
40000,21,21,0,1,11503501,44
35000,21,56,0,1,11503501,79
40000,21,40,0,1,11503501,63
40000,23,34,1,1,11503501,60
36000,21,8,0,1,11503501,31
30000,14,35,1,1,11503501,56
80000,21,9,1,1,11503501,32
30000,21,4,0,1,11503501,27
25000,18,21,1,1,11503501,43
36000,14,26,0,1,11503501,47
19000,16,12,0,1,11503501,33
20000,21,18,0,1,11503501,41
30000,14,35,1,1,11503501,56
10000,16,8,0,1,11503501,29
22200,18,38,1,1,11503501,60
50000,21,34,1,1,11503501,57
50000,21,11,0,1,11503501,34
15000,14,9,0,1,4879566,30
32000,21,16,0,1,4879566,39
15000,11,10,0,1,4879566,28
40000,18,6,0,1,4879566,28
25000,16,7,0,1,4879566,28
25000,21,8,0,1,4879566,31
25000,21,10,1,1,4879566,33
14000,18,33,1,1,4879566,55
25000,14,1,1,1,4879566,22
15000,16,24,1,1,4879566,45
15000,16,27,0,1,4879566,48
25000,21,2,1,1,4879566,25
10000,21,13,1,1,4879566,36
8000,21,7,1,4,2000,30
13000,14,17,0,4,2000,38
26000,21,17,1,2,64665,40
25000,18,12,1,4,2000,34
25000,14,20,0,4,2000,41
55000,21,4,0,3,5000,27
25000,21,7,1,2,215494,30
40000,21,7,0,2,215494,30
40000,14,36,1,2,215494,57
13000,18,36,1,4,2000,58
15000,21,37,0,4,2000,60
6700,16,11,1,4,2000,32
64000,18,6,0,4,2000,28
30000,18,3,0,4,2000,25
25000,21,4,0,4,2000,27
78000,18,12,0,3,11267,34
34000,18,15,1,3,11267,37
30000,9,17,0,3,11267,33
12000,16,30,1,3,11267,51
30000,14,0,1,3,11267,21
25000,16,2,0,3,11267,23
15000,18,0,1,3,11267,22
30000,18,16,0,3,17381,38
15000,18,34,1,3,17381,56
20000,14,35,0,3,17381,56
60000,21,39,0,3,17381,62
30000,21,11,0,3,11267,34
26000,16,0,0,4,1500,21
40000,16,11,0,2,215494,32
9000,8,41,1,4,1500,56
20000,14,21,1,2,64665,42
30000,19,27,1,2,215494,47
50000,20,25,0,2,215494,46
15000,16,0,0,2,215494,21
16000,16,27,0,2,215494,48
25000,21,42,1,2,215494,65
35000,18,30,1,2,215494,52
25000,21,5,1,2,215494,28
18000,14,22,1,4,2000,43
30000,14,20,0,4,2000,41
7700,16,33,1,4,2000,54
8300,16,9,0,4,2000,30
15000,14,3,0,2,120670,24
20000,21,2,1,2,120670,25
50000,21,27,0,3,24004,50
20000,18,32,1,3,17381,54
9200,16,1,1,4,1500,22
50000,19,5,0,4,1500,25
17000,18,25,1,4,1500,47
20000,18,20,1,3,17381,42
39000,16,19,0,2,64665,40
60000,14,25,0,2,215494,46
25000,9,20,0,2,120670,36
26000,14,6,0,2,120670,27
60000,21,9,0,4,4154,32
22000,16,9,1,4,4154,30
11500,16,25,0,2,97296,46
7000,18,22,1,2,97296,44
15000,14,1,0,2,97296,22
12000,16,0,1,2,97296,21
20000,18,8,0,2,97296,30
8000,16,7,1,2,97296,28
12000,11,49,0,2,97296,67
9000,14,40,1,2,97296,61
28000,18,16,0,2,97296,38
30000,18,25,0,2,97296,47
7200,18,18,1,3,3500,40
18400,18,19,0,3,3500,41
9600,14,13,1,3,3500,34
47600,21,12,0,3,3500,35
40000,21,36,1,1,11503501,59
50000,21,17,1,1,11503501,40
30000,21,22,1,1,11503501,45
20000,14,0,1,1,11503501,21
28000,21,32,0,1,11503501,55
60000,21,23,1,1,11503501,46
40000,21,28,1,1,11503501,51
20000,21,11,1,1,11503501,34
60000,14,1,0,1,11503501,22
20000,14,20,0,1,11503501,41
25000,18,24,1,1,11503501,46
50000,21,18,1,1,11503501,41
50000,14,11,0,1,11503501,32
28500,9,15,0,1,11503501,31
35000,21,27,1,1,11503501,50
20000,18,24,1,1,11503501,46
40000,16,7,0,1,11503501,28
25000,21,4,1,1,11503501,27
25000,16,14,1,1,11503501,35
28000,18,2,0,1,11503501,24
12000,18,10,1,1,744995,32
12000,16,6,0,1,744995,27
3500,18,42,1,1,744995,64
15000,16,8,0,2,95854,29
18000,21,3,1,1,1143535,26
17000,21,22,1,1,333606,45
8000,21,43,0,1,333606,66
15000,16,31,0,2,61982,52
20000,18,30,1,2,61982,52
60000,21,7,0,2,52817,30
7000,9,22,1,2,52817,38
5800,21,26,1,3,9859,49
7500,21,17,0,4,1989,40
6200,16,16,0,3,9859,37
13000,21,18,1,2,210115,41
10390,14,21,0,2,210115,42
25000,18,32,1,2,42075,54
30000,14,18,0,1,592034,39
17000,18,27,1,3,6067,49
8000,11,34,0,3,6067,52
4600,18,29,1,4,420,51
15000,21,23,1,1,249806,46
2000,16,14,0,1,249806,35
13000,10,19,0,1,1130132,36
40000,21,24,0,1,1130132,47
40000,21,19,1,1,1130132,42
11000,18,17,1,1,1130132,39
25000,18,18,0,1,1130132,40
15000,18,37,1,1,326861,59
17000,14,18,0,1,326861,39
13200,21,13,1,2,111843,36
21000,16,7,0,2,111843,28
6000,18,38,1,2,111843,60
15000,14,21,1,2,111843,42
4000,8,30,1,2,111843,45
20000,21,23,1,1,11503501,46
45000,18,5,0,1,11503501,27
30000,16,26,0,1,11503501,47
45000,21,3,0,4,2000,26
30000,21,28,0,3,17381,51
60000,21,29,1,3,17381,52
30000,21,4,1,3,17381,27
30000,21,0,0,3,17381,23
18000,21,17,1,2,215494,40
9000,18,8,1,2,97296,30
30000,16,33,1,3,12161,54
15000,18,37,0,3,12161,59
30000,16,15,1,3,12161,36
30000,16,15,0,3,12161,36
7000,16,26,1,3,12161,47
15000,16,30,0,3,12161,51
25000,18,3,0,3,12161,25
25000,12,6,0,4,1420,25
5000,21,8,1,3,12161,31
11000,21,11,0,3,12161,34
25000,21,3,1,3,12161,26
11800,18,11,1,4,2422,33
17000,18,5,1,4,2422,27
10000,14,12,0,4,623,33
5000,14,6,0,4,60,27
25000,21,19,0,1,744995,42
8000,14,1,1,1,744995,22
25000,21,4,1,1,744995,27
10000,14,7,1,1,744995,28
13000,16,15,1,1,744995,36
35000,21,4,0,1,744995,27
7000,14,36,0,1,744995,57
5000,14,0,0,1,744995,21
30000,21,4,0,1,744995,27
15000,18,9,1,1,744995,31
25000,21,6,0,1,744995,29
12000,21,14,1,1,744995,37
10000,14,19,0,1,744995,40
12500,18,29,1,1,744995,51
15000,14,32,0,1,744995,53
15000,20,7,0,1,744995,28
18000,18,7,1,1,744995,29
2000,18,48,1,1,744995,70
15000,18,24,1,1,744995,46
17000,18,4,0,1,744995,26
20000,21,1,0,1,744995,24
8300,14,6,1,2,95854,27
15000,16,24,0,2,95854,45
3000,21,39,1,2,95854,62
8000,18,37,1,2,95854,59
18000,21,15,1,2,95854,38
25000,16,6,0,2,95854,27
10000,14,27,0,4,437,48
10000,14,29,1,4,437,50
19000,21,6,0,2,95854,29
10000,21,7,1,2,95854,30
16000,16,30,0,2,95854,51
22000,16,11,0,2,95854,32
11000,21,8,1,2,95854,31
3000,16,36,0,2,95854,57
7000,18,34,1,2,95854,56
3000,16,9,1,2,95854,30
15000,9,7,0,2,95854,23
30000,21,34,0,2,95854,57
24000,16,9,0,2,95854,30
2900,14,31,1,2,95854,52
4600,14,9,1,2,95854,30
17500,16,8,0,2,95854,29
13000,14,3,1,2,95854,24
8500,14,8,0,2,95854,29
20000,14,19,1,2,95854,40
10000,16,26,0,2,95854,47
17300,16,23,0,2,97384,44
10000,8,22,0,2,97384,37
14000,16,21,1,2,97384,42
15000,18,8,0,2,97384,30
20000,14,3,0,2,97384,24
5300,21,5,1,2,97384,28
6000,21,2,1,2,97384,25
21000,18,3,0,2,97384,25
20000,21,9,0,2,97384,32
13000,21,3,1,2,97384,26
3400,16,11,0,2,97384,32
9000,14,0,1,2,97384,21
15000,18,2,0,2,97384,24
25000,21,33,0,2,97384,56
10000,21,32,1,2,97384,55
30000,21,13,0,2,97384,36
15000,18,15,1,2,97384,37
3000,16,41,0,2,97384,62
14000,21,32,1,2,97384,55
22200,21,39,1,2,97384,62
11000,18,8,0,2,97384,30
5500,16,5,1,2,97384,26
18000,21,18,0,2,97384,41
50000,21,6,1,2,97384,29
16000,21,1,1,2,97384,24
16000,16,5,0,2,97384,26
18000,21,12,1,2,97384,35
20000,16,34,0,2,97384,55
10000,18,12,1,2,97384,34
14000,16,20,0,2,97384,41
25000,21,15,1,2,97384,38
45000,12,20,0,2,97384,39
17000,18,10,0,4,1753,32
3028,18,33,1,2,97384,55
16000,18,29,1,2,97384,51
22000,18,6,0,2,97384,28
18000,16,7,0,2,97384,28
7300,16,4,1,2,97384,25
15000,16,11,0,4,3589,32
15000,18,14,0,4,154,36
8000,14,1,0,4,327,22
6900,18,32,0,2,26830,54
20000,18,2,0,2,26830,24
17500,16,10,0,2,26830,31
11100,18,6,1,2,26830,28
20000,16,6,0,2,26830,27
10000,18,34,1,2,26830,56
5300,9,42,0,2,26830,58
9500,16,22,1,2,26830,43
10000,18,21,0,2,26830,43
10000,14,16,0,3,7387,37
7500,14,14,1,3,7387,35
6000,9,0,1,3,7387,16
20000,9,6,0,3,7387,22
18750,21,1,0,3,7387,24
5000,18,1,0,3,7387,23
7000,21,3,1,3,7387,26
3500,21,5,1,3,7387,28
10000,9,10,0,3,7387,26
12000,21,15,1,3,7387,38
15000,21,17,0,3,7387,40
22400,21,15,1,3,7387,38
5000,16,44,0,3,7387,65
15000,9,7,0,3,7387,23
5000,9,5,1,3,7387,21
9000,16,28,1,1,1143535,49
11000,14,30,0,1,1143535,51
15000,18,4,0,1,1143535,26
6000,18,5,0,1,1143535,27
27000,21,9,0,1,1143535,32
4630,21,6,1,1,1143535,29
20000,19,24,0,1,1143535,44
12000,14,35,1,1,1143535,56
22000,18,5,0,1,1143535,27
25000,16,14,1,1,333606,35
9000,16,24,1,1,333606,45
15000,18,18,1,1,333606,40
18000,9,12,0,1,333606,28
18000,18,37,1,1,333606,59
25000,21,15,1,1,333606,38
25000,14,8,0,1,333606,29
23000,18,6,1,1,333606,28
10000,21,24,1,1,333606,47
12000,16,5,1,1,333606,26
23000,16,16,0,1,333606,37
12000,18,14,1,1,333606,36
19500,16,4,0,1,333606,25
7000,21,23,1,1,333606,46
19000,16,19,0,1,333606,40
11000,16,27,0,1,333606,48
15000,22,24,1,1,333606,50
5000,8,38,1,1,333606,53
38000,18,7,0,1,333606,29
70000,18,11,0,1,333606,33
15000,9,8,0,1,333606,24
5500,21,1,1,1,333606,24
5700,16,38,1,1,333606,59
8000,18,3,1,1,333606,25
22000,12,8,0,1,333606,27
9000,18,14,1,1,333606,36
18000,16,25,0,1,333606,46
14000,16,5,1,1,333606,26
6000,18,19,1,1,333606,41
7500,21,3,1,1,333606,26
12000,18,20,1,1,333606,42
17000,16,28,0,1,333606,49
20000,21,4,0,1,333606,27
15000,21,18,1,1,333606,41
18000,14,19,0,1,333606,40
13000,16,13,1,1,333606,34
30000,16,17,0,1,333606,38
15000,21,22,1,1,333606,45
16000,14,30,1,1,333606,51
54000,21,15,1,1,333606,38
16000,21,18,0,1,333606,41
34000,21,9,1,1,333606,32
42000,21,10,0,1,333606,33
17000,18,15,1,1,333606,37
24000,18,9,0,1,333606,31
7057,16,7,1,1,333606,28
18000,18,5,0,1,333606,27
35000,11,30,0,1,333606,48
10000,16,22,1,1,333606,43
12000,16,2,0,1,333606,23
15000,21,20,0,2,239800,43
20000,16,9,0,2,239800,30
10000,18,5,0,2,239800,27
6950,16,35,1,2,239800,56
6500,16,28,1,2,239800,49
8000,21,7,1,2,239800,30
30000,11,12,0,2,239800,30
17000,11,15,0,2,239800,33
14500,21,10,1,2,239800,33
1200,14,25,1,2,31722,46
15000,16,31,0,2,31722,52
17000,16,2,0,2,31722,23
3000,16,32,1,2,31722,53
10000,9,9,0,2,31722,25
12000,21,27,1,2,31722,50
8500,21,7,1,2,31722,30
9500,22,5,0,2,31722,31
12000,16,21,1,2,31722,42
8500,18,4,1,2,31722,26
4000,14,44,1,2,31722,65
12000,16,23,1,2,31722,44
10000,21,28,1,2,31722,51
20000,8,18,0,2,31722,33
20000,16,16,1,2,31722,37
12000,18,23,1,2,72153,45
21000,9,22,0,2,72153,38
23000,21,18,1,2,72153,41
12000,16,21,0,2,72153,42
20000,9,21,0,2,72153,37
11000,16,12,1,2,72153,33
20000,21,19,0,2,72153,42
10000,21,16,1,2,72153,39
16000,9,12,0,2,72153,28
60000,21,31,1,4,1300,54
10000,18,6,1,4,1300,28
10000,14,5,1,4,11174,26
25000,18,16,1,4,1300,38
2500,16,39,1,2,72153,60
7100,16,39,0,2,72153,60
10900,21,33,1,4,964,56
15000,21,10,1,4,560,33
30000,21,4,0,4,560,27
10000,21,2,1,4,560,25
4800,11,8,1,4,3835,26
6400,17,15,0,4,3835,37
4400,16,10,1,4,3835,31
2600,9,25,0,4,3835,41
7000,14,27,0,4,3835,48
4000,16,27,1,4,3835,48
11000,14,12,0,4,3835,33
10000,11,15,1,4,3835,33
4300,14,20,0,4,3835,41
6000,19,22,1,4,3835,42
14000,14,3,1,1,973826,24
20000,21,31,0,1,973826,54
21000,21,28,0,1,973826,51
20000,21,28,1,1,973826,51
15000,21,28,1,1,973826,51
6000,9,3,0,1,973826,19
15000,14,4,0,1,973826,25
15000,21,29,0,1,973826,52
20000,21,27,0,1,973826,50
12000,18,14,1,1,973826,36
15000,21,15,0,1,973826,38
5000,9,4,0,1,973826,20
10000,18,30,1,1,973826,52
35000,21,4,1,1,973826,27
48000,18,4,0,1,973826,26
18000,14,34,1,1,973826,55
5000,16,10,1,1,973826,31
6000,21,36,1,1,973826,59
8500,16,58,0,1,973826,79
27000,21,2,1,1,973826,25
50000,21,14,1,1,973826,37
17000,21,5,1,1,973826,28
3000,20,3,0,1,973826,24
15400,18,39,0,1,973826,61
20000,9,16,0,1,973826,32
44000,21,6,0,1,973826,29
7400,21,4,1,2,61982,27
26000,14,5,0,2,61982,26
10000,16,37,0,2,61982,58
5000,18,30,1,2,61982,52
10000,16,8,0,2,61982,29
6000,16,2,0,2,61982,23
13000,16,13,0,2,61982,34
12000,23,5,0,2,61982,31
10000,18,28,0,2,61982,50
10000,18,24,1,2,61982,46
30000,14,27,1,1,837900,48
10000,21,1,1,1,837900,24
20000,18,16,1,1,837900,38
10000,21,4,0,1,837900,27
25000,21,33,0,1,837900,56
10000,21,32,1,1,837900,55
10500,21,2,1,1,837900,25
19000,16,32,0,1,837900,53
18000,21,29,1,1,837900,52
7000,21,27,1,1,837900,50
20000,16,29,0,1,837900,50
5000,9,39,1,1,837900,55
8000,16,35,0,1,837900,56
17000,18,34,1,1,837900,56
17000,21,33,0,1,837900,56
15000,16,13,0,1,837900,34
30000,21,3,0,1,837900,26
9000,21,6,1,1,837900,29
16500,9,16,0,1,837900,32
21000,18,12,0,1,837900,34
12000,21,37,1,1,837900,60
15000,14,5,0,1,837900,26
36000,18,2,1,1,837900,24
4300,21,22,1,1,837900,45
16000,16,17,0,1,837900,38
14500,18,9,1,1,837900,31
7000,18,13,1,1,837900,35
13300,21,7,0,1,837900,30
12000,21,3,0,1,837900,26
4500,21,38,0,1,837900,61
13000,21,37,1,1,837900,60
15000,21,9,0,1,837900,32
10000,8,12,0,1,837900,27
37000,14,2,0,1,837900,23
12000,21,33,1,1,837900,56
17000,20,4,1,1,837900,25
17000,19,12,0,1,837900,32
12000,21,3,1,1,837900,26
4600,15,20,1,1,837900,41
27000,21,16,0,1,837900,39
14000,18,31,1,1,837900,53
15000,21,4,1,1,837900,27
50000,21,30,1,1,524669,53
25000,18,26,0,1,524669,48
9300,21,31,1,1,524669,54
22000,16,17,0,1,524669,38
20000,21,4,0,1,524669,27
20000,14,36,0,1,524669,57
17000,21,14,1,1,524669,37
13800,21,9,1,1,524669,32
18000,21,3,0,1,524669,26
13500,21,11,1,1,524669,34
40000,9,22,0,1,524669,38
15000,21,23,0,1,524669,46
20000,10,8,1,1,524669,25
28000,20,6,0,1,524669,27
15000,16,2,0,1,524669,23
16000,21,1,1,1,524669,24
27000,21,31,1,1,524669,54
20000,21,33,0,1,524669,56
20000,16,13,0,1,524669,34
12000,18,28,1,1,524669,50
50000,21,19,0,1,524669,42
15000,21,16,1,1,524669,39
30000,21,22,1,1,524669,45
12000,19,19,0,1,524669,39
8000,21,22,1,1,524669,45
30000,21,22,0,1,524669,45
17000,14,1,1,1,524669,22
25000,18,32,0,1,524669,54
30000,19,3,1,1,524669,23
19000,18,0,1,1,524669,22
50000,21,7,0,1,524669,30
4700,16,5,0,1,524669,26
20000,21,2,1,1,524669,25
25000,16,4,0,1,524669,25
16000,21,27,0,1,508887,50
15000,21,30,1,1,508887,53
20000,18,14,0,1,508887,36
10000,14,0,0,1,508887,21
10000,21,26,1,1,508887,49
10000,16,40,0,1,508887,61
15000,18,2,0,1,508887,24
10000,21,3,1,1,508887,26
15000,18,14,1,1,508887,36
20000,18,7,0,1,508887,29
5000,18,34,1,1,508887,56
17000,21,5,1,1,508887,28
33000,11,18,0,1,508887,36
50,21,13,1,1,508887,36
30000,18,19,0,1,508887,41
7000,18,37,0,1,508887,59
20000,21,4,0,1,508887,27
15000,18,3,1,1,508887,25
16000,16,44,0,1,508887,65
10000,21,13,1,1,508887,36
7000,16,39,1,1,508887,60
10000,21,33,0,1,508887,56
6000,21,0,1,1,508887,23
10000,11,18,0,1,508887,36
20000,21,3,0,1,508887,26
11500,16,28,1,1,508887,49
12000,14,18,0,1,508887,39
7000,18,36,1,1,508887,58
3800,18,42,1,1,508887,64
3800,16,43,0,1,508887,64
16000,18,7,1,2,52817,29
15200,21,2,1,2,52817,25
5200,18,19,1,2,52817,41
25000,18,23,0,2,52817,45
12000,16,12,1,2,52817,33
20000,16,19,0,2,52817,40
8200,18,28,1,2,52817,50
1400,8,23,1,2,52817,38
10000,16,16,1,2,52817,37
8000,14,18,1,2,52817,39
6600,14,36,0,4,282,57
16000,18,35,0,2,52817,57
15000,18,16,1,2,52817,38
20000,16,23,0,2,52817,44
10000,18,17,1,2,52817,39
80000,16,15,0,2,52817,36
40000,21,5,0,2,210115,28
9400,18,14,1,2,210115,36
8000,18,42,1,2,210115,64
9000,16,17,1,2,210115,38
19000,16,34,0,2,210115,55
25000,18,0,0,2,210115,22
13000,21,8,1,2,210115,31
15000,21,1,1,2,210115,24
30000,16,12,0,2,210115,33
15000,16,5,0,2,210115,26
6000,18,25,1,4,1093,47
8000,9,6,0,4,1093,22
4600,21,24,1,2,210115,47
15000,18,2,0,2,210115,24
14000,18,28,0,2,210115,50
45000,21,14,1,2,210115,37
25000,21,1,0,2,210115,24
6500,9,21,1,2,210115,37
20000,16,10,0,2,210115,31
15000,18,13,1,2,210115,35
15000,16,31,0,2,210115,52
10000,16,24,1,2,210115,45
9000,18,43,1,2,210115,65
5300,21,13,1,2,210115,36
20000,21,13,0,2,210115,36
15000,18,18,1,2,210115,40
7000,18,32,1,2,210115,54
8000,18,41,1,2,210115,63
6000,18,42,0,2,210115,64
5100,18,1,1,2,210115,23
8500,9,14,0,2,210115,30
40000,14,36,0,2,42075,57
18000,14,8,1,4,883,29
40000,14,20,0,4,883,41
30000,16,12,0,2,42075,33
60000,21,14,1,2,42075,37
20000,14,6,0,2,42075,27
45000,11,35,0,4,883,53
20000,18,33,0,4,883,55
20000,8,33,1,4,883,48
5000,8,30,0,4,883,45
15000,14,28,1,2,42075,49
30000,16,33,1,2,42075,54
24000,9,13,0,2,42075,29
75000,21,9,0,2,42075,32
15000,21,11,1,2,42075,34
15000,13,2,1,4,883,22
17000,9,13,0,4,883,29
30000,16,29,0,4,240,50
20000,9,11,0,4,240,27
10000,14,8,1,1,592034,29
9000,16,15,0,1,592034,36
40000,21,5,1,1,592034,28
45000,14,22,0,1,592034,43
20000,16,10,1,1,592034,31
12000,21,43,1,1,592034,66
12000,21,3,1,1,592034,26
15000,21,17,0,1,592034,40
24000,23,41,0,1,592034,67
12000,17,5,1,1,592034,27
40000,9,14,0,1,592034,30
23000,14,29,1,1,592034,50
14000,14,36,1,1,592034,57
23000,16,3,0,1,592034,24
15000,18,0,1,1,592034,22
15000,18,30,1,1,592034,52
10000,14,32,0,1,592034,53
